Item Category,Latitude (WGS-84),Longitude (WGS-84),Early Date (BCE/CE),Late Date (BCE/CE),Specific Form,Form,Catalogue Id,Sub-form,Description,Thickness,More Description
Pottery,30.3287,35.4421,-200,360,Alabrastron rim,Small forms,,,13. Alabrastron rim. Diam. 2.6 cm. ,1.5, Gritty light reddish brown 5YR 6/4 fabric. Red 2.5YR 5/6 slipped exterior with very dark gray 10YR 3/1 palmette wreath decoration (similar to #14). Location: UT--- Residential Quarter--- Trench 89. Does not join with 14.
Pottery,30.3287,35.4421,-200,360,Stopper,Lids,02-P-18,,2. Stopper. Cat. No. 02-P-18. Diam. 2.1 cm.  Light red 2.5YR 7/8 fabric. Reddish brown 2.5YR 5/3 radiating lines from top of lid to widest point in a star pattern. Rouletting on lower tier. Location: UT--- Baroque Room--- Trench 89--- Locus 5.,,
Pottery,30.3287,35.4421,-200,360,Bowl,Gruppe 8,02-P-56,,Bowl. Cat. No. 02-P-56. Rim Diam. 7.2 cm. Base Diam. 4 cm. Light red 2.5YR 6/8 ware. Location: UT--- Residential Quarter--- Trench 94--- Locus 21. Sequence No. 94262.,,
Pottery,30.3287,35.4421,-200,360,Bowl,Gruppe 8,,,,,
Pottery,30.3287,35.4421,-200,360,Small Jar Base,Small Jars,,,19. Small Jar Base. Diam. 2.4 cm. ,3, Red 2.5YR 5/8 ware with black core. Location: UT--- Baroque Room--- Trench 89 Locus 21. Sequence No. 94263. In pottery container 140. Cf.--- Mampsis (Erickson-Gini 1999--- Fig. 5. 2. 16).
Pottery,30.3287,35.4421,-200,360,Unguentarium,Small forms,04-P-3,,7. Unguentarium. Cat. No. 04-P-3. Diam. 1.9 cm. Exterior light red 2.5YR 7/8 ware. String-cut base. UT--- West Ramp--- Special Project 96--- Locus 2. Sequence No. SP96040. Cf.--- North Ridge Tomb 2 (Bikai 2001--- Fig. 9--- 11).,,
Pottery,30.3287,35.4421,-200,360,Small Jar,Small Jars,04-P-4,,17. Small Jar. Cat. No. 04-P-4. Rim Diam. 5.6 cm. Base Diam. 3 cm. Red 2.5YR 5/8 ware. String cut base. Location: UT--- West Ramp--- Special Project 96--- Locus 2. Cf.--- North Ridge Tomb 2 (Bikai 2001--- Figs. 9--- 9-10)--- dated to the CE second half of the first century.,,
Pottery,30.3287,35.4421,-200,360,Small Cooking Pot,Cooking Pots,04-P-06,,9. Small Cooking Pot. Cat. No. 04-P-06. Diam. 10.97 cm. Coarse light red 10R6/8 ware--- out-turned rim--- high collar--- sloping shoulder--- and rounded base. Ribbed body. Evidence for two rim-to-shoulder handles--- now missing. Base deformed before firing. Pot has been repaired. Location: UT--- Residential Quarter Steps--- Special Project 94--- Locus 8. Cf.--- Haond 1973--- 39--- 2; Hendrix 1996--- 210-11--- 292.,,
Pottery,30.3287,35.4421,-200,360,Dipper Jug,Jugs,,,10. Dipper Jug. Diam. 9 cm. ,3, Light red 2.5YR 6/8 ware. Very pale brown 10YR 8/2 slip on exterior. Location: UT--- Residential Quarter Steps--- Special Project 94--- Locus 7. Sequence No. SP94019.
Pottery,30.3287,35.4421,-200,360,Bowl,Gruppe 8,,,Bowl. In P. 20 pottery container--- no dimensions. Light red 2.5YR 5/6 ware with dark reddish gray 10R 3/1 core. Location: UT--- Great Cistern--- Special Project 85--- Locus 20. Sequence No. SP85133.,,
Pottery,30.3287,35.4421,-200,360,Bowl,Gruppe 8,,,Bowl. In P. 20 pottery container--- no dimensions--- Light red 10R 6/8 ware with dark reddish gray 10R 3/1 core. Location: UT--- Great Cistern--- Special Project 85--- Locus 20. Sequence No. SP85133.,,
Pottery,30.3287,35.4421,-200,360,Bowl,Gruppe 8,,,Bowl. In P. 17 pottery container--- no dimensions. Red 10R 5/6 ware. Very pale brown 10YR 7/4 slip.  Location: UT--- Great Cistern--- Special Project 85--- Locus 19. Sequence No. SP85113.,,
Pottery,30.3287,35.4421,-200,360,Unguentarium,Small forms,01-P-65,,5. Unguentarium. Cat. No. 01-P-65. Dark gray 10YR4/1 ware with red 10R4/8 core. Diam. 2.0 cm. ,3, Height: 8.7 cm. Location: UT--- Great Cistern--- Special Project 85--- Locus 19. Sequence No. SP85125. Cf.--- North Ridge Tomb 2 (Bikai 2001--- Fig. 9--- 7)--- dated to the second half of the CE first century.
Pottery,30.3287,35.4421,-200,360,Unguentarium,Small forms,01-P-68,,3. Unguentarium. Cat. No. 01-P-68. Neck Diam. 2 cm. ,3, Height: 4.6 cm. Yellowish red 5YR5/8 ware with pale yellow 2.5Y8/3 slip. String-cut base. Location: UT--- Great Cistern--- Special Project 85--- Locus 1. Sequence No. SP84036. Cf.--- North Ridge Tomb 1 (Bikai 2001--- Fig. 6--- 7)--- dated to the first half of the CE first century.
Pottery,30.3287,35.4421,-200,360,Unguentarium,Small forms,01-P-64,,2. Unguentarium. Cat. No. 01-P-64.  Rim Diam. 2.4 cm. ,3, Height: 8 cm. Red 2.5YR5/8 ware. String-cut--- pointed base. Location: UT--- Great Cistern--- Special Project 85--- Locus 18. Sequence No. SP85161.
Pottery,30.3287,35.4421,-200,360,Storage Jar,,,Large Storage Jar,,,
Pottery,30.3287,35.4421,-200,360,Storage Jar,,,Large Storage Jar,,,
Pottery,30.3287,35.4421,-200,360,Storage Jar,,,Large Storage Jar,Storage Jar. Diam. 12 cm. ,3, Red 2.5YR 6/8 ware with dark gray core. Pinkish white 5YR 8/2 slip on exterior. Location: UT--- Great Cistern--- Special Project 85--- Locus 23. Sequence No. SP85172.
Pottery,30.3287,35.4421,-200,360,Storage Jar,,,Large Storage Jar,,,
Pottery,30.3287,35.4421,-200,360,Storage Jar,,,Large Storage Jar,,,
Pottery,30.3287,35.4421,-200,360,Bowl,Gruppe 8,,,Bowl. Diam. 8 cm. ,2," Light red 2.5YR 6/8 ware. Location: UT--- ""Great Cistern---"" Special Project 85--- Locus 23. Sequence No. SP85172. Cf.--- North Ridge Tomb 1 (Bikai 2001--- Fig. 5--- 13)--- first half of CE first century."
Pottery,30.3287,35.4421,-200,360,Bowl,Gruppe 10,,,Bowl. Diam. 19 cm. ,3, Light red 2.5YR 7/8 ware. Self-same slip on exterior with pinkish white 5YR 8/2 slip above carination. Location: UT--- Great Cistern--- SP85--- Locus 23. Sequence No. SP85172. Cf.--- Schmid--- 669.
Pottery,30.3287,35.4421,-200,360,Bowl,Gruppe 7,,With molded inverted rim,Bowl. Diam. 22 cm. ,2, Light red 2.5YR 6/8 ware. Self-same light red 2.5YR 7/8 exterior with pinkish white 2.5YR 8/2 band on rim. Location: UT--- Great Cistern--- Special Project 85--- Locus 23. Sequence No. 85172. Cf.--- Schmid 657--- Phase 3; North Ridge Tomb 2 (Bikai 2001--- Fig. 9--- 4-6)--- second half of CE first century.
Pottery,30.3287,35.4421,-200,360,Bowl,Gruppe 7,,With molded inverted rim,Bowl. Diam. 20 cm. ,2, Fine light red 2.5YR 7/8 ware. Pink 5YR 8/3 band on rim. Location: UT--- Great Cistern--- Special Project 85--- Locus 23. Sequence No. SP85172.
Pottery,30.3287,35.4421,-200,360,Bowl,Gruppe 7,,With inward sloping rim and strong carination,Bowl. Diam. 20 cm. ,2, Fine orange ware. White slip on rim exterior. Phase 3b Nabataean decoration. Burnished line on exterior. Location: UT--- Great Cistern--- Special Project 85--- Locus 23. Sequence No. SP85172.
Pottery,30.3287,35.4421,-200,360,Bowl,Gruppe 7,,With incurving rim and thin walls,Bowl. Diam. 18 cm. ,1, Orange fabric. White slip on rim exterior and Phase 3a Nabataean decoration on interior. Location: UT--- Great Cistern--- Special Project 85--- Locus 24. Sequence No. SP85172. Bottom of Great Cistern.
Pottery,30.3287,35.4421,-200,360,Bowl,Gruppe 7,,With inward sloping rim and strong carination,Bowl. Diam. 24 cm. ,2, White slip on rim exterior. Phase 3b Nabataean decoration. Location: UT--- Great Cistern--- Special Project 85--- Locus 23. Sequence No. SP85172.
Pottery,30.3287,35.4421,-200,360,Bowl,Gruppe 7,,With incurving rim and thin walls,Bowl. Diam. 22 cm. ,2, Orange fabric. White slip on rim exterior and Phase 3a Nabataean decoration on interior. Location: UT--- Great Cistern--- Special Project 85--- Locus 23. Sequence No. SP85172. Bottom of Great Cistern.
Pottery,30.3287,35.4421,-200,360,Bowl,Gruppe 5,,,,,
Pottery,30.3287,35.4421,-200,360,Cooking Pot,Cooking Pots,,,20. Cooking Pot. Diam. 17 cm. ,5, Coarse light red 2.5YR 6/8 ware with a pale brown core. Very pale brown 10YR 8/2 slip on exterior. Location: UT--- Great Cistern--- Special Project 85--- Locus 23. Sequence No. SP85172.
Pottery,30.3287,35.4421,-200,360,Lid,Lids,,,9. Lid. Diam. 22 cm. ,3, Coarse pale orange 5YR 7/6 ware. Band of very pale brown 10YR 8/2 slip on rim. Location: UT--- Great Cistern--- Special Project 85--- Locus 23. Sequence No. SP85172.
Pottery,30.3287,35.4421,-200,360,Cooking Pot,Cooking Pots,,,15. Cooking Pot. Diam. 16 cm. ,5-Mar, Light orange 2.5YR 6/8 ware with shell--- quartz--- sand and straw inclusions. Pink 7.5YR 8/3 slip on exterior. Location: UT--- Great Cistern--- Special Project 85--- Locus 23. Sequence No. SP85172.
Pottery,30.3287,35.4421,-200,360,Cooking Pot,Cooking Pots,,,12. Cooking Pot. Diam. 16 cm. ,4-Mar, Light red 2.5YR 7/8 ware with shell--- straw--- black sand inclusions. Very pale brown 10YR 7/8 slip on exterior. Ribbed body. Location: UT--- Great Cistern--- Special Project 85--- Locus 23. Sequence No. SP85172.
Pottery,30.3287,35.4421,-200,360,Cooking Pot,Cooking Pots,,,11. Cooking Pot. Diam. 16 cm. ,7-Apr, Light orange 2.5YR 6/8 ware with thick dark gray core. 7.5YR 8/2 slip on exterior. Ribbed body. Location: UT--- Great Cistern--- Special Project 85--- Locus 23. Sequence No. SP85172.
Pottery,30.3287,35.4421,-200,360,Cooking Pot,Cooking Pots,,,5. Cooking Pot. Diam. 13 cm. ,4-Mar, Light red 2.5YR 6/8 ware with thick dark grey core. Brown slipped exterior. Location: UT--- Great Cistern--- Special Project 85--- Locus 23. Sequence No. SP85172.
Pottery,30.3287,35.4421,-200,360,Cooking Pot,Cooking Pots,,,10. Cooking Pot. Diam. 13 cm. ,5-Mar, Pale orange 2.5YR 6/8 ware with shell and grit inclusions. Pink 5YR 8/3 slip on exterior. Location: UT--- Great Cistern--- Special Project 85--- Locus 23. Sequence No. SP85172.
Pottery,30.3287,35.4421,-200,360,Jar/Jug Base,Jugs,,,81. Jar/Jug Base. Diam. 7 cm. ,3-Feb," Light red 2.5YR 6/8 ware. Two drips of pink slip on exterior. Interior marked with slurry lines. Rouletting on underside of base. Location: UT--- ""Great Cistern---"" Special Project 85--- Locus 23. Sequence No. SP85172."
Pottery,30.3287,35.4421,-200,360,Jar/Jug Base,Jugs,,,80. Jar/Jug Base. Diam. 9 cm. ,5," Pale yellow 2.5Y 7/4 ware. Yellow exterior. Yellowish orange interior. Lime--- grit--- quartzite and grog inclusions. Location: UT--- ""Great Cistern---"" Special Project 85--- Locus 23. Sequence No. SP85172."
Pottery,30.3287,35.4421,-200,360,Jug Base,Jugs,,,62. Jug Base. Diam. 5 cm. ,2," Dark orange ware. Rouletting on exterior--- along baseline--- is not regular. Location: UT--- ""Great Cistern---"" Special Project 85--- Locus 23. Sequence No. SP85172."
Pottery,30.3287,35.4421,-200,360,Jug Base,Jugs,,,63. Jug Base. Diam. 3.3 cm. ,5-Feb," Light red 2.5YR 7/8 ware with thick black core and straw and gray grit inclusions. Location: UT--- ""Great Cistern---"" Special Project 85--- Locus 23. Sequence No. SP85172."
Pottery,30.3287,35.4421,-200,360,Jug Handle,Jugs,,,"50. Jug Handle. Neck Diam. c. 4 cm. Fine light red 2.5YR 6/8 ware. Very pale brown 10YR 8/2 slip. Location: UT--- ""Great Cistern---"" Special Project 85--- Locus 23. Sequence No. SP85172.",,
Pottery,30.3287,35.4421,-200,360,Jug with Trefoil Spout,Jugs,,,34. Jug with Trefoil Spout. Diam. 3.4 cm. ,3," Fine light red 2.5YR 7/8 ware with rough exterior. Very pale brown 10YR 8/2 slip on exterior and interior neck. Location: UT--- ""Great Cistern---"" Special Project 85--- Locus 23. Sequence No. SP85172."
Pottery,30.3287,35.4421,-200,360,Jug,Jugs,,,20. Jug. Diam. 4.2 cm. ,3-Feb," Coarse red 2.5YR 6/6 ware. Break at body. Two examples of this form in the same context. Location: UT--- ""Great Cistern---"" Special Project 85--- Locus 23. Sequence No. SP85172. Cf.--- North Ridge Tomb 1 (Bikai 2001--- Fig. 5--- 19)--- first half of CE first century; Phase 2C/3A."
Pottery,30.3287,35.4421,-200,360,Juglet,Jugs,,,6. Juglet. Rim Diam. 6 cm. Base Diam. 4.6 cm. ,2," Light red 2.5YR 7/8 ware with thick black core. Red slipped exterior. Rouletting on underside of base. Location: UT--- ""Great Cistern---"" Special Project 85--- Locus 23. Sequence No. SP85172. Cf.--- North Ridge Tomb 1 (Bikai 2001--- Fig. 5--- 14)--- first half of CE first century; Ez Zantur (Schmid 2001)--- Phase 2 dating c. 50 BCE-CE 20."
Pottery,30.3287,35.4421,-200,360,Juglet,Jugs,,,5. Juglet. Base Diam. 5 cm. ,3-Feb," Fine light red 2.5YR 6/8 ware. Vestiges of red slip on exterior. Rouletting around base with 5  long lines--- spaced 4  apart. Fine combing on side of handle. Location: UT--- ""Great Cistern---"" Special Project 85--- Locus 23. Sequence No. SP85172. Cf.--- North Ridge Tomb 1 (Bikai 2001--- Fig. 5--- 16)--- first half of CE first century."
Pottery,30.3287,35.4421,-200,360,Chalice,Cups/Chalices,,,13. Chalice. Diam. 12 cm. Fine pale orange 2.5YR 7/8 ware. Diagonal rouletting with 2  spacing between lines. Location: UT--- Great Cistern--- Special Project 85--- Locus 23. Bottom of cistern. Sequence No. SP85172. Cf.--- ÃƒÂ‚Ã‚Â“Deep bowlÃƒÂ‚Ã‚Â” (Schmid--- 646); North Ridge Tomb 1 (Bikai 2001--- Fig. 4--- 10).,,
Pottery,30.3287,35.4421,-200,360,Juglet,Jugs,,,"4. Juglet. Pottery container P-25 (no dimensions). Reddish yellow 5YR 6/8 ware with very dark grayish brown 10YR 3/2 core. Red 10R 5/8 slip on exterior. Location: UT--- ""Great Cistern---"" Special Project 85--- Locus 23--- Bottom of cistern. Sequence No. 85172.",,
Pottery,30.3287,35.4421,-200,360,Cooking Pot,Cooking Pots,,,7. Cooking Pot. Diam. 9 cm. ,2, Fine light red 2.5YR 6/8 ware. Pendant rim with short convex neck. Loop handle with flat shape. Vessel surfaces have rough texture. Clay for handle was dry when attached. Pink 5YR 8/3 slipped exterior. Location: UT--- Residential Quarter--- Trench 89/94. Cf.--- Oboda (Negev 1986--- 1004 and 1007)--- but diameter larger; Ez Zantur (Stucky et al.--- 1994--- Fig. 15--- Q)--- but larger diameter; North Ridge Tomb 2 (Bikai 2001--- Fig. 9--- 10)--- but without ridges.
Pottery,30.3287,35.4421,-200,360,Chalice Base,Cups/Chalices,,,12. Chalice Base. Diam. 4 cm. ,4, Fine light red 2.5YR 6/8 ware with yellow core. Steps made by excising with tool. Location: UT--- Residential Quarter--- Trench 89/94 Locus 60. Sequence No. 94009.  Cf.--- North Ridge Tomb 2 (Bikai--- Figs. 7--- 1 and 7--- 6)--- second half of CE first century.
Pottery,30.3287,35.4421,-200,360,Storage Jar,,,Large Storage Jar,Storage Jar. Diam. 10 cm. ,5, Yellowish red 5YR 5/6 ware with black core. Yellow 10YR 7/6 slip on exterior. Location: UT--- Trench 86--- Locus 68. Sequence No. 86063. Cf.--- Ez Zantur (Gerber 2001a--- Fig. 1)--- middle of CE fourth century.
Pottery,30.3287,35.4421,-200,360,Bowl,Gruppe 8,,,,,
Pottery,30.3287,35.4421,-200,360,Bowl,Gruppe 7,02-P-46,With thickened rim,Bowl. Cat. No. 02-P-46. Diam. 17 cm. Light red 2.5YR 6/8 ware. Black/weak red 2.5YR 4/2 triangles and palmette wreath on the interior. Very pale brown 10YR 8/3 band on the rim exterior. Location: UT--- Residential Quarter--- Trench 94--- Locus 54--- Room 10. Sequence No. 89929. Cf.--- Khasna excavations.,,
Pottery,30.3287,35.4421,-200,360,Unguentarium,Small forms,,,10. Unguentarium. Rim Diam. 2.4 cm. Base Diam. 2.8 cm. Red 2.5YR 5/8 ware. Two fine incised lines around widest point. Burnished. Base incised with spiral. Location: UT--- Residential Quarter--- Trench 94--- Locus 54. Sequence No. 89917.,,
Pottery,30.3287,35.4421,-200,360,Unguentarium,Small forms,02-P-57,,9. Unguentarium. Cat. No. 02-P-57. Diam. 2.5 cm. Height: 11.82 cm. Light red 2.5YR 6/8 ware. Location: UT--- Residential Quarter Trench 94--- Locus 78. Sequence No. 94229. Cf.--- North Ridge Tomb 2 (Bikai 2001--- Fig. 9--- 7). (Not represented).,,
Pottery,30.3287,35.4421,-200,360,Unguentarium,Small forms,,,8. Unguentarium. Diam. 2.4 cm. Exterior light red 2.5YR 6/8 ware. Area of pink 7.5YR 8/3 slip on part of neck. Coarse fabric. Late first century CE context. Location: UT--- Residential Quarter--- Trench 94--- Locus 77. Sequence No. 94223. Cf.--- North Ridge Tomb 2 (Bikai 2001--- Fig. 9--- 12).,,
Pottery,30.3287,35.4421,-200,360,Bowl,Gruppe 6,,,Bowl. Diam. 13 cm. ,2.5, Coarse red 2.5YR 5/6 ware. White slip on rim exterior. Location: Propylaeum Trench 95--- Locus 12. Sequence No. 95477. Cf.--- Schmid--- Phase 1.
Pottery,30.3287,35.4421,-200,360,Storage Jar,,,Large Storage Jar,Storage Jar. Diam. 13 cm. ,6, Coarse fabric with thick gray 10YR 6/1 core. Exterior is pink 5YR 7/3--- while interior is reddish yellow 5YR 7/6. Location: UT--- Residential Quarter--- Trench 94--- Locus 65.  Sequence No. 94131. Cf.--- Petra Church (Gerber 2001a--- Fig. 1--- 7)--- first century BCE.
Pottery,30.3287,35.4421,-200,360,Unguentarium,Small forms,02-P-17,,1. Unguentarium. Cat. No. 02-P-17. Diam. 2.3 cm. Light red 2.5YR 7/6 ware. Exterior very pale brown 10YR 8/2. Location: UT--- Residential Quarter--- Trench 94--- Locus 71--- Room 3 Floor Bedding. Sequence No. 89085. Cf.--- North Ridge Tomb 1 (Bikai 2001--- Fig. 6--- 6). (Not represented.),,
Pottery,30.3287,35.4421,-200,360,Cooking Pot,Cooking Pots,,,3. Cooking Pot. Diam. 10 cm. ,4-Feb, Light red 2.5YR 6/8 ware with no visible inclusions in core but lime on interior surface. Thick pale yellow 2.5Y 8/3 slip on exterior. Location: UT--- Residential Quarter--- Trench 94--- Locus 18. Sequence No. 94109. Cf.--- North Ridge Tomb 1 (Bikai 2001--- Fig. 6--- 9).
Pottery,30.3287,35.4421,-200,360,Cooking Pot,Cooking Pots,,,1. Cooking Pot. Diam. 13 cm. ,5-Apr, Coarse reddish yellow 5YR 7/6 ware with grog and numerous black pebbles. Pink 7.5YR 7/3 slipped exterior and light red 2.5YR 7/6 slipped interior. Handle is burnt. Location: UT--- Residential Quarter--- Trench 94--- Locus 65. Sequence No. 94131.
Pottery,30.3287,35.4421,-200,360,Strainer Jug Mouth,Strainer Jugs,,,4. Strainer Jug Mouth. Diam. 7 cm. ,5-Apr, Pale yellow 5Y 8/2 ware. Rouletted decoration around lower neck. Evidence of at least one broken handle. Location: UT--- Residential Quarter--- Trench 94--- Locus 18. Sequence No. 94109. Cf.--- Oboda (Negev 1986--- Fig. 538).
Pottery,30.3287,35.4421,-200,360,Strainer Jug Neck,Strainer Jugs,,,3. Strainer Jug Neck. Neck Diam. 5-7.3 cm. Hole Diam. 5 . ,3, Pale yellow 2.5Y 8/3 ware. Two banks of multiple wavy combed lines. Handle set on angle. Location: UT--- Residential Quarter--- Room 6--- Trench 94--- Locus 56. Sequence No. 94112.
Pottery,30.3287,35.4421,-200,360,Bowl,Gruppe 6,,,Bowl. Diam. 18 cm. Light red 2.5YR 7/6 ware. Light reddish brown 2.5YR 6/4 slip on the interior and exterior and applied more thickly on rim. Location: UT--- Residential Quarter--- Trench 94--- Locus 63--- Sequence No. 94088. Cf.--- Schmid 616--- dated to the second half of the first century BCE.,,
Pottery,30.3287,35.4421,-200,360,Jug Base,Jugs,,,58. Jug Base. Diam. 3.5 cm. ,2, Fine light red 2.5YR 6/6 ware. Exterior fabric color: light reddish brown 2.5YR 7/4. Interior fabric color: reddish yellow 5YR 7/6. Light red 10R 6/6 slip on exterior. Exterior is burnished. String-cut knob base with excised ring. Location: UT--- Residential Quarter--- Trench 94--- Locus 63. Sequence No. 94088.
Pottery,30.3287,35.4421,-200,360,Jug,Jugs,,,36. Jug. Rim Diam. 8 cm. Base Diam. 5.3 cm. Height: 11.6 cm. ,2.5-3 , Fine light red 2.5YR 6/8 ware. Pinkish white 5YR 8/2 slip on exterior. Location: UT Residential Quarter--- Trench 94--- Locus 74. Sequence No. 94204. Cf.--- Khirbet edh-Dharih (Villeneuve 1990--- Pl. V--- 4 and Pl. II--- 2); Hendrix 1996--- 353; Petra (Haond 1973--- 40. 8)--- Late Roman.
Pottery,30.3287,35.4421,-200,360,Jug Base,Jugs,,,11. Jug Base. Diam. 6.5 cm. ,3, Reddish gray 2.5YR 6/. Exterior light red 2.5YR 7/6 slipped with vestiges of very pale brown 10YR 8/2 as well. Location: UT--- Residential Quarter--- Trench 94--- Locus 45. Room 8. Sequence No. 94002. Cf.--- Similar in form to #9.
Pottery,30.3287,35.4421,-200,360,Storage Jar,,,Large Storage Jar,Storage Jar. Diam. 18 cm. ,4.5, Coarse reddish yellow 5YR 7/8 fabric with black core. Very pale brown 10YR 8/2 slip on exterior. Location: UT--- Residential Quarter--- Trench 94--- Locus 60. Sequence No. 94009.
Pottery,30.3287,35.4421,-200,360,Storage Jar,,,Large Storage Jar,,,
Pottery,30.3287,35.4421,-200,360,Unguentarium,Small forms,02-P-34,,6. Unguentarium. Cat. No. 02-P-34. Diam. 2.3 cm. Reddish yellow 5YR 7/6 ware. Location: UT--- Residential Quarter--- Trench 94--- Locus 43--- Room 2 Fill. Sequence No. 89910. Cf.--- North Ridge Tomb 2 (Bikai 2001--- Fig. 9--- 11).,,
Pottery,30.3287,35.4421,-200,360,Cooking Pot,Cooking Pots,,,8. Cooking Pot. Diam. 13 cm. ,3.5-6 , Light red 2.5YR 7/8 ware with large lime and black grit inclusions. Very pale brown 10YR 8/3 slip on exterior and over rim top. Some burning on exterior. Location: UT--- Residential Quarter--- Trench 94--- Locus 43. Cf.--- Oboda (Negev 1986--- 1007)--- dated to Middle Nabataean--- 30 BCE-CE 50; Ez Zantur (Stucky et al.--- 1994--- Fig. 15--- Q)--- second half of first century BCE; North Ridge Tomb 2 (Bikai 2001--- Fig. 9--- 14)--- second half of CE first century; Khirbet edh-Dharih (Villeneuve 1990--- Pl. VI. 5-6)--- early CE second century.
Pottery,30.3287,35.4421,-200,360,Storage Jar / Cooking Pot,,,Cooking Pot,Cooking Pot. Diam. 29 cm. ,6, Light red 2.5YR 6/8 ware. Very pale brown 10YR 8/2 slip on exterior. Light reddish brown 2.5YR 6/4 slip on interior. Location: UT--- Residential Quarter--- Trench 94--- Locus 43. Sequence No. 94070. There are three similar handles in Residential Quarter assemblage.
Pottery,30.3287,35.4421,-200,360,Storage Jar,,,Large Storage Jar,Storage Jar. Diam. 15 cm. ,5, Coarse light red 2.5YR 6/8 ware with gray core along interior. Very pale brown 10YR 8/2 slip on exterior. Incised wave pattern on shoulder. Location: UT--- Residential Quarter--- Trench 94--- Locus 43. Sequence No. 94070. Cf.--- Mampsis (Erickson-Gini 1999--- Fig. 9--- 1--- 12)--- early Roman--- but without incised decoration.
Pottery,30.3287,35.4421,-200,360,Cooking Pot,Cooking Pots,,,13. Cooking Pot. Diam. 15 cm. ,3, Light red 2.5YR 6/8 ware with thick black core in upper body. Pale yellow 2.5Y 9/2 slip on exterior. Location: UT--- Residential Quarter--- Trench 94--- Locus 43. Sequence No. 94070. Cf.--- Ez Zantur (Stucky et al.--- 1994--- Fig. 16A)--- early CE second century.
Pottery,30.3287,35.4421,-200,360,Storage Jar,,,Large Storage Jar,Storage Jar. Diam. 14 cm. ,7, Light red 2.5YR 6/6 ware. Pinkish white 7.5YR 8/2 slip on exterior while red 10R 5/6 slip on interior. No evidence of handle attachment to rim.  Location: UT--- Residential Quarter--- Trench 94--- Locus 43. Sequence No. 94070. Cf.--- Petra Church (Gerber 2001a--- Fig. 1--- 2)--- first century BCE. Mampsis (Erickson-Gini 1999--- Fig. 9--- 1--- 12)--- early Roman.
Pottery,30.3287,35.4421,-200,360,Dipper Jug,Jugs,,,14. Dipper Jug. Diam. 7 cm. ,2.5, Light red 2.5YR 6/8 ware. Very pale brown 10YR 8/2 slip on exterior. Handle is not set vertically. Location: UT--- Residential Quarter--- Trench 94--- Locus 43. Sequence No. 94070.
Pottery,30.3287,35.4421,-200,360,Storage Jar,,,Large Storage Jar,Storage Jar. Diam. 9 cm. ,3, Light red 2.5YR 7/8 ware. Pink 5YR 8/3 slip on exterior body and handle.  Incised wavy line on shoulder. Location: UT--- Residential Quarter--- Trench 94--- Locus 43. Sequence No. 94110.
Pottery,30.3287,35.4421,-200,360,Dipper Jug,Jugs,,,7. Dipper Jug. Rim Diam. 6 cm. Base Diam. 3 cm. ,2, Gray 5YR 5/1 core throughout. Exterior color is light brownish gray 10YR 6/2. Location: UT--- Residential Quarter--- Trench 94--- Locus 43. Sequence No. 94110. Cf. North Ridge Tomb 1 (Bikai 2001--- Fig. 6--- 2-3)--- first half of CE first century.
Pottery,30.3287,35.4421,-200,360,Bowl,Gruppe 7,,With incurving rim and thin walls,Bowl. Diam. 13 cm. Light red 2.5YR 7/8 ware with red 10R 5/6 slip on the exterior rim. Location: UT--- Residential Quarter--- Trench 94--- Locus 67. Sequence No. 94138. Cf.--- Schmid 606--- dated to the mid first century BCE.,,
Pottery,30.3287,35.4421,-200,360,"Base, Stopper Cup?",Stopper Cups,,,,,
Pottery,30.3287,35.4421,-200,360,Base of Eastern Sigillata A Plate,Cooking Bowls,02-P-62,,130. Base of Eastern Sigillata A Plate. Cat. No. 02-P-62. Diam. 8 cm. Black gloss with stamped palmettes on tondo and three rows of rouletting around edge. Location: UT--- Residential Quarter--- Trench 94--- Locus 69--- Room 7. Sequence No. 94194.,,
Pottery,30.3287,35.4421,-200,360,Lid,Lids,02-P-41,,7. Lid. Cat. No. 02-P-41. Rim Diam. 16.7 cm. ,3, Light red 2.5YR 6/8 fabric with light red 2.5YR 6/6 core. Air hole punched in body was left unfinished. Very pale brown 10YR 8/2 slip applied freely on exterior. Location: UT--- Residential Quarter--- Trench 94--- Locus 41. Room 10/11. Sequence No. 89864. Cf.--- Ez Zantur (Stucky et al.--- 1994--- Fig. 17 F)--- dated to the CE fourth century.
Pottery,30.3287,35.4421,-200,360,Strainer Jug,Strainer Jugs,,,,,
Pottery,30.3287,35.4421,-200,360,Jug,Jugs,02-P-45,,38. Jug. Cat. No. 02-P-45. Rim Diam. 6.6 cm. Height: 20.5 cm. ,3, Light gray 10YR 7/2 ware. Exterior may have been white slipped; color is light gray 10YR 7/2. Blackened handle. Location: UT--- Residential Quarter--- Trench 94--- Locus 41. Room 10. Sequence No. 89827.
Pottery,30.3287,35.4421,-200,360,Jug,Jugs,,,43. Jug. Diam. 5.3-5.5 cm. ,2, Light red 2.5YR 7/8 ware. A second example has a 7 cm rim diameter. Location: UT--- Residential Quarter--- Trench 94--- Locus 41.
Pottery,30.3287,35.4421,-200,360,Dipper Jug,Jugs,02-P-36,,9. Dipper Jug. Cat. No. 02-P-36. Rim Diam. 7.4 cm. Base Diam. 3.5 cm. Pale red 10R 6/4 ware with black core. Widest part damaged with pressure before firing but after ridging. Location: Trench 94--- Locus 41.,,
Pottery,30.3287,35.4421,-200,360,Basket Bowl,Varia,,,4. Basket Bowl. Base Diam. 2.2 cm. Fabric black throughout. Ribbed exterior. String-cut base. Blackened slip on interior. Location: UT--- Residential Quarter--- Trench 94--- Locus 41. Room 10. Sequence No. 89875.,,
Pottery,30.3287,35.4421,-200,360,Kernos,Varia,,,3. Kernos. Rim Diam. 4 cm. ,5, Pale yellow 2.5Y 8/3 fabric. Excised ridge on thick everted rim. Location: UT--- Residential Quarter--- Trench 94--- Locus 41. Room 10. Sequence No. 89875.
Pottery,30.3287,35.4421,-200,360,Casserole Bowl,Casserole Bowls,,,114. Casserole Bowl. Diam. 23 cm. Light red 2.5YR 7/8 ware--- with dark reddish-gray 10R 4/1 strokes on the interior--- and pinkish white 7.5YR 8/2 slip on rim edge. Spout-like handle. UT--- Residential Quarter--- Trench 94--- Locus 41--- Room 10. Sequence No. 89875.,,
Pottery,30.3287,35.4421,-200,360,Jug with Trefoil Spout,Jugs,,,32. Jug with Trefoil Spout. Diam. 3.8 cm. ,3, Coarse light red 2.5YR 7/8 ware. Very pale brown 10YR 8/3 slipped exterior and interior upper neck. Location: UT--- Residential Quarter--- Trench 94--- Locus 41. Room 10. Sequence No. 89875.
Pottery,30.3287,35.4421,-200,360,Bowl,Gruppe 7,,With incurving rim and thin walls,Bowl. Cat. No. 02-P-63. Diam. 19 cm. Reddish yellow 5YR 5/8 ware. Decorated with Nabataean Phase 2c motifs in red 10R 4/6--- including feather-myrtle wreaths and drips along interior rim edge. Very pale brown/white 10YR 8/2 slipped band on the rim exterior. Location: UT--- Residential Quarter--- Trench 94--- Locus 75--- Floor bedding Room 3. Sequence No. 94211. Cf.--- Khasna excavations.,,
Pottery,30.3287,35.4421,-200,360,Jug,Jugs,02-P-59,,84. Jug. Cat. No. 02-P-59. Diameter at neck: 2.6 cm. ,3, Red 2.5YR6/8 ware. Ring base. Vestiges of loop handle. Location: UT Residential Quarter--- Trench 94 Locus 75. Sequence No. 94212.
Pottery,30.3287,35.4421,-200,360,Jug,Jugs,,,25. Jug. Diam. 5 cm. Reddish gray 2.5YR 5/ ware. Exterior fabric color is light red 2.5YR 6/8. White 10YR 8/1 slip. Location: UT--- Residential Quarter--- Trench 94--- Locus 75. Sequence No. 94009. Cf.--- Petra Church (Gerber 2001a--- Fig. 1--- 17).,,
Pottery,30.3287,35.4421,-200,360,Storage Jar,,,Large Storage Jar,Storage Jar. Diam. 12.5 cm. ,4, Light red 2.5YR 6/6 ware with gray core on interior edge. Pinkish white 7.5YR 8/2 slip on exterior and rim top. Incised wavy line on neck. Location: UT--- Residential Quarter--- Trench 94--- Locus 75. Sequence No. 94197. Cf.--- Petra (Parr 1970)--- CE second century.
Pottery,30.3287,35.4421,-200,360,Storage Jar,,,Large Storage Jar,Storage Jar. Diam. 15 cm. ,4, Light red 2.5YR 6/8 ware with gray core along interior. Very pale brown 10YR 8/2 slip on exterior. Location: UT--- Residential Quarter--- Trench 94--- Locus 75. Sequence No. 94197. May be same jar as #5 below with diameter altered by handle attachment. Cf.--- North Ridge Tomb 1 (Bikai 2001--- Fig. 6--- 13).
Pottery,30.3287,35.4421,-200,360,Storage Jar,,,Large Storage Jar,Storage Jar. Diam. 13 cm. ,6.5, Light red 2.5YR 6/8 ware with gray core along interior. Very pale brown 10YR 8/2 slip on exterior. Location: UT Residential Quarter--- Trench 94--- Locus 75. Sequence No. 94197. Cf.--- North Ridge Tomb 1 (Bikai 2001--- Fig. 6--- 13).
Pottery,30.3287,35.4421,-200,360,Cooking Pot,Cooking Pots,,,18. Cooking Pot. Diam. 19 cm. ,4.5-5.5 , Light red 2.5YR 6/8 ware with gray 5YR 5/1 core. Quantity of lime on exterior surface. Location: UT--- Residential Quarter--- Trench 94--- Locus 75. Sequence No. 94197.
Pottery,30.3287,35.4421,-200,360,Cooking Pot,Cooking Pots,,,17. Cooking Pot. Diam. 15. ,5-Mar, Coarse light red 2.5YR 7/8 ware with thin gray core. Self-same light red 2.5YR 7/6 slip on exterior. Lower exterior is burnt. Location: UT--- Residential Quarter--- Trench 94--- Locus 75--- Sequence No. 94197.
Pottery,30.3287,35.4421,-200,360,Cooking Pot,Cooking Pots,,,16. Cooking Pot. Diam. 13 cm. ,3, Fine light red 2.5YR 7/8 ware. Poorly fired slip on exterior and over rim is gray 5YR 5/1. Location: UT--- Residential Quarter--- Trench 94--- Locus 75. Sequence No. 94197.
Pottery,30.3287,35.4421,-200,360,Cooking Pot,Cooking Pots,,,2. Cooking Pot. Diam. 13 cm. ,4, Fine light red 2.5YR 7/8 ware with no visible inclusions. Everted rim with slightly bulging neck. Red 2.5YR 5/6 slip on exterior with a band of pinkish white 5YR 8/2 slip on rim and neck. Location: UT--- Residential Quarter--- Trench 94--- Locus 75. Sequence No. 94197. Cf.--- North Ridge Tomb 1 (Bikai 2001--- Fig. 6--- 9)--- first half of CE first century.
Pottery,30.3287,35.4421,-200,360,Cooking Pot,Cooking Pots,,,4. Cooking Pot. Diam. 20 cm. ,5, Light red 2.5YR 7/6 ware. Everted rim and bulging neck. Very pale brown 10YR 8/3 slip on exterior. Location: UT--- Residential Quarter--- Trench 94--- Locus 75. Sequence No. 94197.
Pottery,30.3287,35.4421,-200,360,Jug,Jugs,,,16. Jug. Diam. 5 cm. ,4.5, Light red 2.5YR 7/8 ware. Light red 10R 6/8 slipped exterior. Location: UT--- Residential Quarter--- Trench 94--- Locus 75. Sequence No. 94197. Cf.--- North Ridge Tomb 1 (Bikai 2001--- Fig. 5--- 19); lagynos form in Eastern Terra Sigillata ware and dated 50 BCE - 0 CE (Gunneweg et al. 1983--- Fig. 24--- 5); Oboda (Negev 1986--- #849); Petra Church (Gerber 2001a--- Fig. 1. 16)--- dated to second half of CE first century to early second; Petra Street (Parr 1970--- Fig. 6--- 79)--- Phase XII.
Pottery,30.3287,35.4421,-200,360,Casserole Bowl,Casserole Bowls,,,112. Casserole Bowl. Diam. 22 cm. ,2.5, Fine light red 2.5YR 7/6 ware. Black exterior and rim top but evidence of white 10YR 8/1 slip. Location: UT--- Residential Quarter--- Trench 94--- Locus 75. Sequence No. 94197. Cf.--- general type Ez Zantur (Stucky et al.--- 1994)--- early CE second century.
Pottery,30.3287,35.4421,-200,360,Bowl,Gruppe 8,,,,,
Pottery,30.3287,35.4421,-200,360,Bowl,Gruppe 7,,With inward sloping rim and strong carination,Bowl. Diam. 16 cm. ,2, Fine light red 2.5YR 6/8 ware. Exterior color is light reddish brown 5YR 6/3 and gray 5YR 6/1 (burnt)--- with white 10YR 8/1 paint on exterior rim. Representative of seven similar rims. Location: UT--- Residential Quarter--- Trench 94--- Locus 53. Sequence No. 94072.
Pottery,30.3287,35.4421,-200,360,Bowl,Gruppe 6,,,Bowl. Diam. 15 cm. Light red 2.5YR 7/6 ware--- decorated with a white 2.5Y 8/1 band on the exterior rim. This is one of five rim fragments of similar form. Location: UT--- Residential Quarter--- Trench 94--- Locus 53--- Sequence No. 94072. Cf.--- Schmid Gruppe 6 648.,,
Pottery,30.3287,35.4421,-200,360,Bowl,Gruppe 7,,With vertical rim and strong carination,Bowl. Diam. 16 cm. Light red 2.5YR 7/6 ware. White 10YR 8/2 band on exterior rim and a thin wash of white slip on the exterior. This is one example of seven similar rims. Location: UT--- Residential Quarter--- Trench 94--- Locus 53. Sequence No. 94072.,,
Pottery,30.3287,35.4421,-200,360,Jar/Jug Base,Jugs,,,77. Jar/Jug Base. Pottery container P-109. Diam. 5.5 cm. ,2, Fine light red 2.5YR 7/8 ware. Location: UT--- Residential Quarter--- Trench 94--- Locus 53. Sequence No. 94050. (Not represented).
Pottery,30.3287,35.4421,-200,360,Jar/Jug Base,Jugs,,,72. Jar/Jug Base. Diam. 4 cm. Light red 2.5YR 7/8 ware. Fine rouletting on exterior at base. Location: UT--- Residential Quarter--- Trench 94--- Locus 53. Sequence No. 94050.,,
Pottery,30.3287,35.4421,-200,360,Jug,Jugs,,,29. Jug. Diam. 2.3 cm. ,3, Dark gray 7.5YR 4/1 ware. Exterior color is light red 2.5YR 6/6. Handle has combed incisions on side. Location: UT--- Residential Quarter--- Trench 94--- Locus 53. Sequence No. 94050.
Pottery,30.3287,35.4421,-200,360,Jug,Jugs,,,28. Jug. Diam. 2.4 cm. ,1.5, Fine yellowish red 5YR 5/8 ware with quantity of lime inclusions. Self-same slip on exterior. Two handles. Broken handle was not set parallel to other. Location: UT--- Residential Quarter--- Trench 94--- Locus 53. Sequence No. 94050. Cf. North Ridge Tomb 2 (Bikai 2001--- Fig. 9--- 17).
Pottery,30.3287,35.4421,-200,360,Jug,Jugs,,,18. Jug. Diam. 4 cm. Thickness 2-3 . Coarse red 2.5YR 5/8 ware. Pale yellow 2.5YR 8/2 slip on exterior and rim top. Location: UT--- Residential Quarter--- Trench 94--- Locus 53. Sequence No. 94050. Cf.--- North Ridge Tomb 2 (Bikai 2001--- Fig. 8--- 8)--- second half of CE first century to early second century.,,
Pottery,30.3287,35.4421,-200,360,Jug,Jugs,,,17. Jug. Diam. 5.5 cm. ,4, Fine light red 2.5YR 7/8 ware. Pale yellow 2.5Y 8/2 slip on exterior. Vestiges of a 4 cm wide combed handle. Location: UT--- Residential Quarter--- Trench 94--- Locus 53. Sequence No. 94050. Cf.--- North Ridge Tomb 2 (Bikai 2001--- Fig. 8--- 8)--- second half of CE first century to early second century.
Pottery,30.3287,35.4421,-200,360,Dipper Jug,Jugs,,,8. Dipper Jug. Diam. 7 cm. ,3.5, Fine light red 2.5YR 7/8 ware. Handle ridged. Location: UT--- Residential Quarter--- Trench 94--- Locus 53. Sequence No. 94050.
Pottery,30.3287,35.4421,-200,360,Bowl,Cooking Bowls,,,,,
Pottery,30.3287,35.4421,-200,360,Bowl,Cooking Bowls,,,125. Bowl. Diam. 26 cm. ,3.5, Light red 2.5YR 6/8 ware with thick gray core. Very pale brown 10YR 8/3 slip on exterior and over rim top. Location: UT--- Residential Quarter--- Trench 94--- Locus 53. Sequence No. 94050.
Pottery,30.3287,35.4421,-200,360,Casserole Bowl,Casserole Bowls,,,,,
Pottery,30.3287,35.4421,-200,360,Bowl,Gruppe 7,,With inward sloping rim and strong carination,,,
Pottery,30.3287,35.4421,-200,360,Brazier,Varia,,,,,
Pottery,30.3287,35.4421,-200,360,Lid,Lids,,,8. Lid. Diam. 15 cm. Light red 2.5YR 6/6 ware with thin black core along interior edge. Exterior slipped with pinkish white 7.5YR 8/2--- Location: UT--- Residential Quarter--- Trench 94--- Locus 60--- Room 10. Sequence No. 94009.,,
Pottery,30.3287,35.4421,-200,360,Stopper,Lids,,,1. Stopper. Diam. 3 cm. Thickness at break: 3.5 cm. Very fine pink 7.5YR 8/4 fabric. Red 10R 5/6 slip on interior and exterior. Location: UT--- Residential Quarter--- Trench 94--- Locus 60. Sequence No. 94009. Cf.--- Hayes 1997--- Fig. 22.,,
Pottery,30.3287,35.4421,-200,360,Cooking Pot,Cooking Pots,,,19. Cooking Pot. Diam. 14 cm. ,3.5, Light red 2.5YR 7/8 ware. Exterior ledge of rim has been pushed up in places along the rim to create a wavy pattern. Pale yellow 2.5Y 8/3 slip on exterior. Burnt exterior. Location: UT--- Residential Quarter--- Trench 94--- Locus 60. Sequence No. 94009.
Pottery,30.3287,35.4421,-200,360,Amphora handle,Amphorae,,,1. Amphora handle. Wall ,10-Sep, Light red 2.5YR 7/6 fabric on inside with thin outer layer of very pale brown 10YR 8/4. Lime--- grog--- pebble--- black grit--- and quartz--- inclusions.  Location: UT--- Residential Quarter--- Trench 94--- Locus 60. Sequence No. 94009.
Pottery,30.3287,35.4421,-200,360,Strainer Jug,Strainer Jugs,,,6. Strainer Jug. Diam. c. 18 cm. ,6-Feb, Red 2.5YR 5/8 ware. Very pale brown 10YR 8/2 slip on exterior that becomes gray 10YR 6/1 on the lower half. Location: UT--- Residential Quarter--- Trench 94--- Locus 60. Room 10. Sequence No. 94009.
Pottery,30.3287,35.4421,-200,360,Strainer Jug Mouth,Strainer Jugs,,,1. Strainer Jug Mouth.  Rim Diam. 3.8 cm. Hole Diam. 5 . ,3, Light red 2.5YR 6/8 ware with thick black core along interior. Thick very pale brown 10YR 8/2 slip on exterior. Location: UT--- Residential Quarter--- Trench 94--- Locus 60. Sequence No. 94009.
Pottery,30.3287,35.4421,-200,360,Jug,Jugs,,,41. Jug. Diam. 7 cm. ,3-Feb, Fine light red 2.5YR 7/8 ware. Self-same light red 2.5YR 6/8 slip on interior. White slip exterior. Location: UT--- Residential Quarter--- Trench 94--- Locus 60. Room 10. Sequence No. 94009.
Pottery,30.3287,35.4421,-200,360,Chalice,Cups/Chalices,,,,,
Pottery,30.3287,35.4421,-200,360,Cooking (?) Bowl,Cooking Bowls,,,,,
Pottery,30.3287,35.4421,-200,360,Casserole Bowl,Casserole Bowls,,Casserole Bowl with Horizontal Handle,113. Casserole Bowl with Horizontal Handle. Diam. 21 cm. ,4, Light red 2.5YR 7/8 ware. Thick white 10YR 8/2 slip on exterior and over rim top. Slight burning on handle. Location: UT--- Residential Quarter--- Trench 94--- Locus 60--- Room 10. Sequence No. 94009.
Pottery,30.3287,35.4421,-200,360,Bowl,Casserole Bowls,,,109. Bowl. Diam. 12 cm. Light red 2.5YR 6/8 ware. Location: UT--- Residential Quarter--- Trench 94--- Locus 60--- Room 10. Sequence No. 94009.,,
Pottery,30.3287,35.4421,-200,360,Casserole Bowl,Casserole Bowls,,,103. Casserole Bowl. Diam. 19 cm. Light red 2.5YR 6/8 ware--- with upper body exterior white-very pale brown 10YR 8/2 slip. Wavy incision on exterior. Location: UT--- Residential Quarter--- Trench 94--- Locus 60--- Room 10. Sequence No. 94009.,,
Pottery,30.3287,35.4421,-200,360,Bowl,Gruppe 10,,,,,
Pottery,30.3287,35.4421,-200,360,Bowl,Gruppe 10,,,Bowl. Diam. 20 cm. ,4, Fine light red 2.5YR 7/8 ware. Very pale brown 10YR 8/2 slip on rim edge and upper body. Surfaces are rough. Slip is worn. Location: UT--- Residential Quarter--- Trench 94. Cf.--- Oboda (Negev 1986--- 729) but smaller diameter and angle not as oblique.
Pottery,30.3287,35.4421,-200,360,Bowl,Gruppe 10,,,Bowl. Diam. 18.5 cm. ,3, Medium coarse light red 2.5YR 7/8 ware with reddish gray 2.5YR 6 core. Exterior fabric color: light red 2.5YR 6/8. White slip on upper body and handle but not rim top. Loop handle attached with slip that is not well smoothed on lower body. Long straw burnout (9 x 1 ). Location: UT--- Residential Quarter--- Trench 94. Cf.--- Oboda (Negev 1986--- 729) bowl from PotterÃƒÂ‚Ã‚Â’s Workshop ÃƒÂ‚Ã‚Â“form known in Terra SigillataÃƒÂ‚Ã‚Â”.
Pottery,30.3287,35.4421,-200,360,Bowl,Gruppe 10,,,,,
Pottery,30.3287,35.4421,-200,360,Bowl,Gruppe 10,,,Bowl. Diam. 17 cm. ,3, Medium coarse light red 2.5YR 7/6 ware with 1  grog inclusions. Pink 7.5YR 8/4 slip on exterior. Loop handle of irregular shape. Bottom of handle is burnt. Location: UT--- Residential Quarter--- Trench 94.
Pottery,30.3287,35.4421,-200,360,Bowl,Gruppe 9,,,,,
Pottery,30.3287,35.4421,-200,360,Bowl,Gruppe 9,,,Bowl. Diam. 25 cm. ,3, Medium coarse light red 2.5YR 7/8 ware. Incurving rim with inner edge angularly flattened and deep excision on exterior. Very pale brown 10YR 8/2 slip on upper body. Light red 10R 6/6 slip under the pale brown. Slip applied on wheel as evidenced by very straight line. Location: UT--- Residential Quarter--- Trench 94.
Pottery,30.3287,35.4421,-200,360,Bowl,Gruppe 9,,,Bowl. Diam. 23 cm. ,3, Fine light red 2.5YR 6/8 ware. Pinkish white 5YR 8/2 slip on upper body to just below carination. Slip applied on the wheel because line is very straight. Rouletting of nine rows of short vertical strokes. Two ridges (wheel-made) on interior lower body. Location: UT--- Residential Quarter--- Trench 94.
Pottery,30.3287,35.4421,-200,360,Bowl,Gruppe 9,,,Bowl. Diam. 30 cm. ,3, Coarse light red 2.5YR 7/8 ware. Light reddish gray 2.5YR 7/1 core in lower body. Vertical rim--- thickened syetrically with excised flange on rim top. Thin pink 5YR 8/3 wash on upper body. Location: UT--- Residential Quarter--- Trench 94.
Pottery,30.3287,35.4421,-200,360,Bowl,Gruppe 9,,,,,
Pottery,30.3287,35.4421,-200,360,Bowl,Gruppe 9,,,Bowl. Diam. 14 cm. ,3, Coarse light red 2.5YR 7/8 ware with thin pale orange core. Light red 10R 6/6 slip on upper body and just below carination. Self-same light red 2.5YR 6/8 slip on interior. Location: UT--- Residential Quarter--- Trench 94.
Pottery,30.3287,35.4421,-200,360,Bowl,Gruppe 9,,,,,
Pottery,30.3287,35.4421,-200,360,Bowl,Gruppe 9,,,Bowl. Rim Diam. 14 cm. ,2.5, Fine light red 2.5YR 7/8 ware. Thick white 7.5YR 8/1 slip on exterior. Location: UT--- Residential Quarter--- Trench 94.
Pottery,30.3287,35.4421,-200,360,Bowl,Gruppe 9,,,Bowl. Diam. 16 cm. Light red 2.5YR 6/6 ware. Remnants of very pale brown 10YR 8/2 slip on upper body. Under white slip is dark red self-same slip in 2.5YR 5/6. Four rows of rouletted bevels on upper body. Location: UT--- Residential Quarter--- Trench 94. Cf.--- Great Temple (Bestock 1999--- Fig. 12) but larger diameter; Ez Zantur (Schmid 1995--- Fig. 3--- 17) dated to Phase 3--- and 663; North Ridge Tomb 2 (Bikai 2001--- Fig. 8--- 1)--- second half of CE first century.,,
Pottery,30.3287,35.4421,-200,360,Bowl,Gruppe 9,,,,,
Pottery,30.3287,35.4421,-200,360,Bowl,Gruppe 8,,,,,
Pottery,30.3287,35.4421,-200,360,Bowl,Gruppe 8,,,,,
Pottery,30.3287,35.4421,-200,360,Bowl,Gruppe 8,,,,,
Pottery,30.3287,35.4421,-200,360,Bowl,Gruppe 8,,,,,
Pottery,30.3287,35.4421,-200,360,Bowl,Gruppe 8,,,,,
Pottery,30.3287,35.4421,-200,360,Bowl,Gruppe 8,,,,,
Pottery,30.3287,35.4421,-200,360,Bowl,Gruppe 8,,,Bowl with strongly defined carination. Rim Diam. 12 cm. ,2, Fine light red 2.5YR 6/8 ware. Exterior fabric color: light red 2.5YR 7/6. Interior fabric color: light red 2.5YR 7/8. Pink 7.6YR 8/3 slip from rim top to line beneath carination. Location: UT--- Residential Quarter--- Trench 94. Cf.--- North Ridge Tomb 2 (Bikai 2001--- Fig. 9--- 3) but larger diameter; Oboda (Negev 1986--- 601); Jerash (Hendrix 1996--- 336)--- Late Roman.
Pottery,30.3287,35.4421,-200,360,Bowl,Gruppe 8,,,,,
Pottery,30.3287,35.4421,-200,360,Bowl,Gruppe 8,,,Bowl. Rim Diam. 7 cm. Base Diam. 2.3 cm. Height: 3.3 cm. ,2, Fine light red 2.5YR 6/8 ware. Plain rim--- slightly everted. Rim is somewhat squared--- not circular. Ring base--- molded with exterior groove. Feather design--- remnants of string cutting--- seems to have been left as potterÃƒÂ‚Ã‚Â’s mark. Location: UT--- Residential Quarter--- Trench 94.
Pottery,30.3287,35.4421,-200,360,Bowl,Gruppe 8,,,Bowl. Rim Diam. 8 cm. Base Diam. 4.5 cm. Height: 3.7 cm. ,1.5, Light red 2.5YR 7/8 ware. Plain vertical rim--- thickened on the exterior. Ring base has same form as #72 above: angularly flattened on foot edge. Perhaps self-same slip on exterior in light red 2.5YR 6/8 slip. Appears that ring gave way when potter attempted to roulette base. After accident--- broken wall clay removed but no attempt to reconstruct foot. Location: UT--- Residential Quarter--- Trench 94.
Pottery,30.3287,35.4421,-200,360,Bowl,Gruppe 8,,,,,
Pottery,30.3287,35.4421,-200,360,Bowl,Gruppe 8,,,,,
Pottery,30.3287,35.4421,-200,360,Bowl,Gruppe 8,,,Bowl. Rim Diam. 7 cm. Base Diam. 4.3 cm. Height: 3.5 cm. ,2.5, Fine light red 2.5YR 6/8 ware. Area of red 10R 5/6 slip on one side. Ring base--- horizontally flattened and scalloped due to rouletting with strokes c. 5  long and 6  apart. Location: UT--- Residential Quarter--- Trench 94.
Pottery,30.3287,35.4421,-200,360,Bowl,Gruppe 8,04-P-5,,Bowl. Cat. No. 04-P-5. Diam. 6.5 cm. Light red 2.5YR 6/6 ware. Lower body is shaved. Location: UT--- Residential Quarter Steps--- Special Project 94--- Locus 1. Sequence No. SP94012.,,
Pottery,30.3287,35.4421,-200,360,Bowl,Gruppe 8,,,Bowl. Rim Diam. 7.5 cm. Base Diam. 3.1 cm. Height: 2.7 cm. ,1, Medium coarse light red 2.5YR 6/6 ware. Plain vertical rim is thickened internally. Ring base--- angularly flattened and with pointed center. Appears to have been slipped in pink 7.5YR 8/3 on exterior upper body above curvature. Location: UT--- Residential Quarter--- Trench 94. (Not represented).
Pottery,30.3287,35.4421,-200,360,Bowl,Gruppe 8,,,,,
Pottery,30.3287,35.4421,-200,360,Bowl,Gruppe 8,,,Bowl. Rim Diam. 7 cm. Base Diam. 4.7 cm. Height: 3.4 cm. ,2, Very fine light red 2.5YR 7/8 ware. Simple rouletting on base underside. Spiral excised from center--- perhaps from string cut. Location: UT--- Residential Quarter--- Trench 94.
Pottery,30.3287,35.4421,-200,360,Bowl,Gruppe 8,,,,,
Pottery,30.3287,35.4421,-200,360,Bowl,Gruppe 8,,,,,
Pottery,30.3287,35.4421,-200,360,Bowl,Gruppe 7,,With molded inverted rim,,,
Pottery,30.3287,35.4421,-200,360,Bowl,Gruppe 7,,With molded inverted rim,Bowl. Rim Diam. 15 cm. Base Diam. 2.5 cm. ,2, Coarse light red 2.5YR 7/6 ware with black core. Self-same slip unevenly applied on interior. Pinkish white 7.5YR 8/2 slip on exterior rim. Location: UT--- Residential Quarter--- Trench 94.
Pottery,30.3287,35.4421,-200,360,Bowl,Gruppe 7,,With molded inverted rim,,,
Pottery,30.3287,35.4421,-200,360,Bowl,Gruppe 7,,With molded inverted rim,Bowl. Rim Diam. 16.9 cm. Base Diam. 4.8 cm. Height: 4.9 cm. ,2, Medium fine light red 2.5YR 7/8 ware. Self-same slip on interior and exterior. Pinkish white 5YR 8/2 slip on rim exterior. Simple rouletting on base underside creating a scalloped edge to foot. The smooth lower body seems to be tried. Rough area has sponge marks. Ring base cut from rounded base. Location: UT--- Residential Quarter--- Trench 94.
Pottery,30.3287,35.4421,-200,360,Bowl,Gruppe 7,,With molded inverted rim,,,
Pottery,30.3287,35.4421,-200,360,Bowl,Gruppe 7,,With molded vertical rim,,,
Pottery,30.3287,35.4421,-200,360,Bowl,Gruppe 7,,With molded vertical rim,Bowl. Rim Diam. 17.5 cm. Base Diam. 4.5 cm. ,2.3, Coarse light red 10R 6/8 ware with black core. Gritty texture. White 5YR 8/2 slip on rim exterior. Rouletting on base is very uneven. Location: UT--- Residential Quarter--- Trench 94.
Pottery,30.3287,35.4421,-200,360,Bowl,Gruppe 7,,With molded vertical rim,,,
Pottery,30.3287,35.4421,-200,360,Bowl,Gruppe 7,,With molded vertical rim,Bowl. Rim Diam. 15.1 cm. Base Diam. 4.8 cm. Height: 4.7 cm. ,2, Medium fine light red 2.5YR 7/8 ware. Self-same light red 2.5YR 7/6 slip on interior and exterior with white slip on rim exterior that is whiter than Munsell codes. Exterior upper body is rough while lower body is smooth. Base ring has been added. Incised circle 2.5 cm diameter on base exterior. Location: UT--- Residential Quarter--- Trench 94.
Pottery,30.3287,35.4421,-200,360,Bowl,Gruppe 7,,With inward sloping rim and strong carination,,,
Pottery,30.3287,35.4421,-200,360,Bowl,Gruppe 7,,With inward sloping rim and strong carination,Bowl. Rim Diam. 15.5 cm. Base Diam. 4.6 cm. Height: 4.7 cm. ,2.5, Fine light red 2.5YR 6/8 ware. Very pale brown 10YR 8/3 slip on rim exterior to underside of carination. Incision on exterior body. Exterior sponged rough above line--- but smooth below. Incision made after sponging. Location: UT--- Residential Quarter--- Trench 94.
Pottery,30.3287,35.4421,-200,360,Bowl,Gruppe 7,,With inward sloping rim and strong carination,,,
Pottery,30.3287,35.4421,-200,360,Bowl,Gruppe 7,,With inward sloping rim and strong carination,,,
Pottery,30.3287,35.4421,-200,360,Bowl,Gruppe 7,,With inward sloping rim and strong carination,Bowl. Diam. 16 cm. ,2, Pale orange 7.5YR7/6 fabric with dark gray core. White 2.5Y 8/1 slip on rim exterior. Location: UT--- Residential Quarter--- Trench 94. Cf.--- North Ridge Tomb 2 (Bikai 2001--- Fig. 9--- 2)--- second half of CE first century.
Pottery,30.3287,35.4421,-200,360,Bowl,Gruppe 7,,With inward sloping rim and strong carination,,,
Pottery,30.3287,35.4421,-200,360,Bowl,Gruppe 7,,With vertical rim and strong carination,,,
Pottery,30.3287,35.4421,-200,360,Bowl,Gruppe 7,,With vertical rim and strong carination,,,
Pottery,30.3287,35.4421,-200,360,Bowl,Gruppe 7,,With vertical rim and strong carination,,,
Pottery,30.3287,35.4421,-200,360,Bowl,Gruppe 7,,With vertical rim and strong carination,,,
Pottery,30.3287,35.4421,-200,360,Bowl,Gruppe 7,,With thickened rim,,,
Pottery,30.3287,35.4421,-200,360,Bowl,Gruppe 7,03-P-64,With thickened rim,,,
Pottery,30.3287,35.4421,-200,360,Bowl,Gruppe 7,,With thickened rim,,,
Pottery,30.3287,35.4421,-200,360,Bowl,Gruppe 7,02-P-77,With thickened rim,,,
Pottery,30.3287,35.4421,-200,360,Bowl,Gruppe 7,,With thickened rim,,,
Pottery,30.3287,35.4421,-200,360,Candlestick,Gruppe 7,03-P-72,With incurving rim and thin walls,,,
Pottery,30.3287,35.4421,-200,360,Bowl,Gruppe 7,,With incurving rim and thin walls,,,
Pottery,30.3287,35.4421,-200,360,Bowl,Gruppe 7,,With incurving rim and thin walls,Bowl. Diam. 22 cm. ,2, Light red 2.5YR 7/8 ware with thick black core. Phase 3b Nabataean motifs in brown 2.5YR 5/3. Traces of white slip on rim exterior. Location: UT--- Residential Quarter--- Trench 94.
Pottery,30.3287,35.4421,-200,360,Bowl,Gruppe 7,03-P-76,With incurving rim and thin walls,,,
Pottery,30.3287,35.4421,-200,360,Bowl,Gruppe 7,03-P-69,With incurving rim and thin walls,Bowl. Cat. No. 03-P-69. Diam. 23 cm. ,2, Light red 2.5YR 6/8 ware with lime inclusions and thin gray core at base. Decorated with Phase 3b Nabataean motifs in black 5YR 4/3. White 2.5YR 7/4 slip on rim exterior. Location: UT--- Residential Quarter--- Trench 94.
Pottery,30.3287,35.4421,-200,360,Bowl,Gruppe 6,,,Bowl. Rim Diam. 17 cm. ,3, Pale orange 5YR 7/6 ware with light gray core and gritty texture. Decorated with a white band on rim exterior and white 2.5YR 8/3 slipped interior. Location: UT Residential Quarter--- Trench 94.
Pottery,30.3287,35.4421,-200,360,Bowl,Gruppe 6,,,,,
Pottery,30.3287,35.4421,-200,360,Bowl,Gruppe 6,,,,,
Pottery,30.3287,35.4421,-200,360,Bowl,Gruppe 6,,,,,
Pottery,30.3287,35.4421,-200,360,Bowl,Gruppe 6,,,Bowl. Diam. 17 cm. ,3, Fine gray 5YR 5/1 ware with black core. Light gray 5YR 7/1 slip and incised lines on interior. Black slip on rim exterior. Light red 2.5YR 6/6 band directly below rim and pink 5YR 8/3 slip on lower body exterior. Location: UT--- Residential Quarter--- Trench 94.
Pottery,30.3287,35.4421,-200,360,Bowl,Gruppe 5,,,Bowl. Diam. 11 cm. ,1.5, Fine light red 2.5YR 6/8 ware. Remnants of pink 7.5YR 8/3 slip on handle. Location: UT--- Residential Quarter--- Trench 94. Cf.--- Ez Zantur (Gerber 1997--- Fig. 16. E)--- dating to CE mid-fourth century.
Pottery,30.3287,35.4421,-200,360,Bowl,Gruppe 2,,hemispherical,Bowl--- hemispherical. Rim Diam. 17 cm. Base Diam. 6.2 cm. Height: 7.4 cm. Medium coarse light red 2.5YR 7/6 ware with thick light gray 5YR 7/1 core. Ring base is flattened angularly on exterior. White slip band--- approximately 2.5 cm wide--- on exterior upper body. Rim Exterior fabric color 5YR7/6 reddish yellow. Location: UT--- Residential Quarter--- Trench 94. Cf.--- Oboda (Negev 1986--- 563) Middle Nabataean--- Southern Retaining Wall; Pella (Hendrix et al.--- 1996--- 283).,,
Pottery,30.3287,35.4421,-200,360,Funnel neck,Varia,,,2. Funnel neck. Diam. 1.8 cm. ,3, Light red 2.5YR 6/6 ware. Plain vertical rim. White slip covers exterior in pinkish white 7.5YR 8/2 slip. Many small and medium sized lime inclusions on surface. Diagonal lines on exterior. Neck is warped. This is the longest spout in the assemblage. Location: UT--- Residential Quarter--- Trench 94. Cf.--- North Ridge Tomb 2 (personal counication with Bikai) which also has areas of white slip.
Pottery,30.3287,35.4421,-200,360,Funnel neck,Varia,,,1. Funnel neck. Diam. 1.1 cm. ,2, Light red 2.5YR 6/8 ware. Plain vertical rim. Scant remains of white slip. Thick encrustation on interior and exterior. This is the shortest spout in the assemblage. Location: UT--- Residential Quarter--- Trench 94. Cf.--- North Ridge Tomb 2 (personal counication with Bikai) which also has areas of white slip.
Pottery,30.3287,35.4421,-200,360,Alabrastron,Small forms,,,15. Alabastron. Rim Diam. 4 cm. Base Diam. 2.8 cm. ,3-Jan, Height: 9.1 cm. Medium coarse--- reddish yellow 5YR 6/6 ware with thick gray 5YR 5/1 core. Flat rim. Concave base with excised groove to create ring. Red 2.5YR 5/6 slip on exterior to mid-body and over rim to interior of neck. Two palmette wreaths with line of tadpoles between and vertical coas on neck in dark reddish gray 2.5YR 4/. Rim and base sherds do not join. Location: UT--- Residential Quarter--- Trench 94.
Pottery,30.3287,35.4421,-200,360,Unguentarium,Small forms,,,11.  Unguentarium (?). Diam. 2.4 cm. ,2,  Fine light red 2.5YR 7/8 ware. Flaring rim--- thickened externally. Rim not syetrical. Neck bisected with ridge. Light red 10R 6/8 slip over exterior and upper portion of neck interior. Location: UT--- Residential Quarter--- Trench 94. Cf.--- Khirbet edh-Dharih (Villeneuve 1990--- Pl. II. 1).
Pottery,30.3287,35.4421,-200,360,Lid,Lids,,,12. Lid. Rim Diam. 24 cm. ,2, Fine light red 2.5YR 7/8 fabric. Shallow excision from rim top. Self-same slip on interior in light red 10R 6/8. Location: UT--- Residential Quarter--- Trench 94.
Pottery,30.3287,35.4421,-200,360,Lid,Lids,,,11. Lid. Rim Diam. 16 cm. ,2, Fine--- light red 2.5YR 6/8 fabric. Self-same slip on exterior in light red 10R 6/8. Shallow rouletting under carination. Location: UT--- Residential Quarter--- Trench 94.
Pottery,30.3287,35.4421,-200,360,Lid,Lids,,,10. Lid. Rim Diam. 11 cm. Base Diam. 3.3 cm. Height: 2.6 cm. ,1.5-2.5 , Light red 2.5YR7/8 fabric with thick reddish gray 2.5YR6/ core. Pink 7.5YR 8/4 slipped rim top and light red 10R 6/8 interior. Groove excised from exterior edge of rim. Concave top. Location: UT--- Residential Quarter--- Trench 94.
Pottery,30.3287,35.4421,-200,360,Lid,Lids,,,6. Lid. Diam. 6.4 cm. Diam. Top Hole: 1.5 cm. Diam. Side Hole: 2 . Light red 2.5YR 6/8 fabric. Interior blackened. Location: UT--- Residential Quarter--- Trench 94.,,
Pottery,30.3287,35.4421,-200,360,Cooking Pot Lid,Lids,02-P-52,,"5. Cooking Pot Lid. Cat. No. 02-P-52. Diam. 7.7 cm. Very pale brown 10YR 8/3 sandy fabric with black grit inclusions. ""Green ware."" Location: UT--- Residential Quarter--- Trench 94--- Room 10 fill.",,
Pottery,30.3287,35.4421,-200,360,Lid,Lids,,,4. Lid. Flange Diam. 3.5 cm. Diam. 6 cm. Light red 2.5YR 7/8 fabric with pale gray core. Self-same slip 2.5YR 6/8 on exterior with dark reddish gray 10R 4/1 decoration composed of radiating lines and black dots. Rouletting on rim edge and along mid point. Slip is cursorily applied to underside. Location: UT--- Residential Quarter--- Trench 94.,,
Pottery,30.3287,35.4421,-200,360,Lid,Lids,02-P-67,,3. Lid. Cat. No. 02-P-67. Flange Diam. c. 6.6 cm. Diam. 9.3 cm. Light red 2.5YR 7/8 fabric. Weak red 10R 5/2 radiating lines and multiple bands of rouletting on lid top. Location: UT--- Residential Quarter--- Trench 94--- Room 10 fill.,,
Pottery,30.3287,35.4421,-200,360,Cooking Pot,Cooking Pots,,,21. Cooking Pot. Diam. 10 cm. ,1.5, Fine light red 2.5YR 6/8 ware. Excised groove on neck exterior. Red 2.5YR 5/6 slip on exterior. Location: UT--- Residential Quarter--- Trench 94.
Pottery,30.3287,35.4421,-200,360,Cooking Pot,Cooking Pots,,,6. Cooking Pot. Diam. 9 cm. ,2, Light red 2.5YR6/8 ware with quantity of fine lime inclusions--- some 1 . Gritty surface. Inward sloping--- short convex neck. Loop handle. Pink 7.5YR8/4 slip on exterior body and interior rim. Location: UT--- Residential Quarter--- Trench 94. Cf.--- Ez Zantur (Stucky et al.--- 1994--- Fig. 16--- F and 15--- T).
Pottery,30.3287,35.4421,-200,360,Strainer Jug Mouth,Strainer Jugs,,,2. Strainer Jug Mouth. Diam. 6 cm. ,2, Light red 10R 6/8 ware with reddish gray 10T 5/1 core. Self-same red 10R 5/6 slip on exterior. Ribbed exterior. Two rough lines of clay on interior: one is a regular circle; the other is somewhat irregular. It appears to be a break with signs of smoothing above. Location: UT--- Residential Quarter--- Trench 94. Cf.--- Oboda (Negev 1986--- 994)--- bag-shaped juglet; Tall Faysal (Hendrix 1996--- 352)--- late Roman.
Pottery,30.3287,35.4421,-200,360,Small Jar Base,Small Jars,,,22. Small Jar Base. Diam. 3.8 cm. ,1.6, String-cut base with exterior surface smoothed. Location: UT--- Residential Quarter--- Trench 94.
Pottery,30.3287,35.4421,-200,360,Small Jar Base,Small Jars,,,21. Small Jar Base. Diam. 2.5 cm. ,1.5, Fine light red 2.5YR 7/8 ware. String-cut base. Band of red 10R 5/8 slip about 3 cm above the base. Location: UT--- Residential Quarter--- Trench 94.
Pottery,30.3287,35.4421,-200,360,Small Jar Base,Small Jars,,,20. Small Jar Base. Diam. 2.4 cm. ,4, Fine light red 2.5YR 6/8 ware. Very pale brown 10YR 8/3 slip on exterior. Red 2.5YR 5/6 slip on interior. Location: UT--- Residential Quarter--- Trench 94.
Pottery,30.3287,35.4421,-200,360,Small Jar,Small Jars,,,18. Small Jar. Diam. 6 cm. ,3-Feb, Coarse reddish gray 2.5YR 5/ ware. Light reddish brown 2.5YR 6/4 slip on exterior. Location: UT--- Residential Quarter--- Trench 94.
Pottery,30.3287,35.4421,-200,360,Small Jar,Small Jars,,,16. Small Jar. Diam. 5.8 cm. ,1.5-2 , Fine light red 2.5YR 6/8 ware with gray core. Everted and thickened rim. Tall neck. Light red 2.5YR 6/6 slipped exterior and interior neck. Impressed dots in chevron pattern on neck. Braided handle. Location: UT--- Residential Quarter--- Trench 94. Cf.--- Decoration of chalice in North Ridge Tomb 2 (Bikai 2001--- Fig. 7--- 6)--- dated to CE second half of first century.
Pottery,30.3287,35.4421,-200,360,Small Jar,Small Jars,,,15. Small Jar. Diam. 5.8 cm. ,2, Fine light red 2.5YR 6/8 ware with gray core. Everted rim. Short neck. Red 10R 5/8 slipped interior and exterior. Location: UT--- Residential Quarter--- Trench 94.
Pottery,30.3287,35.4421,-200,360,Small Globular Jar,Small Jars,,,14. Small Globular Jar. Diam. 8 cm. ,2, Fine light red 2.5YR 6/8 ware. Location: UT--- Residential Quarter--- Trench 94.
Pottery,30.3287,35.4421,-200,360,Small Globular Jar,Small Jars,,,13. Small Globular Jar. Diam. 8 cm. ,4, Very pale brown 10YR 8/4 ware. Self-same very pale brown 10YR 8/2 slip on exterior. Location: UT--- Residential Quarter--- Trench 94.
Pottery,30.3287,35.4421,-200,360,Small Globular Jar,Small Jars,,,12. Small Globular Jar. Diam. 6.6 cm.  Height: 7.6 cm. ,4-Jan, Light red 2.5YR 7/8 ware. Vertical rim with exterior flange. Light red 2.5YR 6/8 slip on exterior and interior neck extending below carination. Seven rows of rouletted--- angled bevels on body. Rounded base decorated with rouletting. Vestiges of loop handle. Location: UT--- Residential Quarter--- Trench 94.
Pottery,30.3287,35.4421,-200,360,Small Globular Jar,Small Jars,,,11. Small Globular Jar. Diam. 7 cm. ,1.5, Light red 2.5YR 6/8 ware. Vertical rim--- thickened to the exterior and defined by excised grooves. Light red 10R 6/6 slip on exterior and upper body of interior. Location: UT--- Residential Quarter--- Trench 94.
Pottery,30.3287,35.4421,-200,360,Small Globular Jar,Small Jars,,,10. Small Globular Jar. Diam. 6 cm. ,3-Feb, Fine light red 2.5YR 6/8 ware. Flat loop handle attached with slip and pressure--- leaving a thumb print. Second handle postulated. Location: UT--- Residential Quarter--- Trench 94.
Pottery,30.3287,35.4421,-200,360,Small Globular Jar,Small Jars,,,9. Small Globular Jar. Rim Diam. 7.1 cm. Height: 9 cm. ,2.5, Coarse light red 2.5YR 6/8 ware. Thick very pale brown 10R 8/3 slip over exterior. One-handled. Location: UT--- Residential Quarter--- Trench 94. Cf.--- North Ridge Tomb 2 cooking pot (Bikai 2001--- Fig. 9--- 13)--- second half of CE first century.
Pottery,30.3287,35.4421,-200,360,Small Globular Jar,Small Jars,,,8. Small Globular Jar. Rim Diam. 7.5 cm. Height: 6.8 cm. ,2, Light red 2.5YR 6/8 ware. Simple rouletting on exterior lower body. Vertical lines 2  long and approximately 2  apart. Loop handle ridged; slip attached and thumb pressed. Rim warped at handle. Location: UT--- Residential Quarter--- Trench 94.
Pottery,30.3287,35.4421,-200,360,Small Globular Jar,Small Jars,,,7. Small Globular Jar. Diam. 10 cm. ,1, Fine light red 2.5YR 6/8 ware. Light red 10R 6/8 slip on exterior. Location: UT--- Residential Quarter--- Trench 94.
Pottery,30.3287,35.4421,-200,360,Small Globular Jar,Small Jars,,,6. Small Globular Jar. Diam. 6 cm. ,1, Fine light red 2.5YR 6/8 ware with black core. Everted rim--- thickened externally and with excised groove. Self-same light red 2.5YR 6/8 slip on exterior. Location: UT--- Residential Quarter--- Trench 94.
Pottery,30.3287,35.4421,-200,360,Small Globular Jar,Small Jars,,,5. Small Globular Jar. Diam. 6 cm. ,1, Light red 2.5YR7/6 ware with thick black core. Thick light red 10R 6/6 slip on exterior and sloppily applied over interior. Location: UT--- Residential Quarter--- Trench 94.
Pottery,30.3287,35.4421,-200,360,Small Jar,Small Jars,,,,,
Pottery,30.3287,35.4421,-200,360,Small Globular Jar,Small Jars,,,3. Small Globular Jar. Rim Diam. 9 cm. Base Diam. 6 cm. Height: 5.7 cm. ,1.5-2.5 , Light red 2.5YR 6/8 ware. Everted rim. Rounded base. Light red 2.5YR 6/8 slip on exterior and over rim to counterpoint. Location: UT--- Residential Quarter--- Trench 94.
Pottery,30.3287,35.4421,-200,360,Small Globular Jar,Small Jars,,,2. Small Globular Jar. Diam. 7 cm. ,1.5, Light red 2.5YR 6/6 ware. Plain vertical rim. Pink 7.5YR 8/4 slip on exterior and over rim top. Lines in slip suggest slip applied with brush on wheel. Band of black on exterior--- perhaps from firing. White slip was applied over top so band is part of clay. Location: UT--- Residential Quarter--- Trench 94.
Pottery,30.3287,35.4421,-200,360,Small Globular Jar,Small Jars,,,1. Small Globular Jar. Diam. 6 cm. Height: 6.2 cm. ,1.5, Light red 2.5YR 6/8 ware. Plain vertical rim. Rounded base. Light red 2.5YR 6/8 slip on exterior and over interior rim. Burning on widest area on interior and exterior. Clay is very friable. Location: UT--- Residential Quarter--- Trench 94.
Pottery,30.3287,35.4421,-200,360,Jar/Jug Base,Jugs,,,82. Jar/Jug Base. Diam. 9 cm. ,1.5-2 , Gray 5YR 5/1 ware. Exterior fabric color: reddish yellow 5YR 7/6. Light red 10R 6/8 slip dripped on exterior. Location: UT--- Residential Quarter--- Trench 94.
Pottery,30.3287,35.4421,-200,360,Jar/Jug Base,Jugs,,,83. Jar/Jug Base. Diam. 7 cm. ,2, Fine reddish gray 2.5YR 5/ ware. Exterior fabric color: light red 2.5YR 7/8. Interior color: light red 10R 6/8. Excision from inner and outer foot. Location: UT--- Residential Quarter--- Trench 94.
Pottery,30.3287,35.4421,-200,360,Jar/Jug Base,Jugs,,,79. Jar/Jug Base. Diam. 7 cm. Thickness 2-2.5 . Fine light red 2.5YR 7/8 ware. Light red 10R 6/8 slip on exterior. Location: UT--- Residential Quarter--- Trench 94.,,
Pottery,30.3287,35.4421,-200,360,Jar/Jug Base,Jugs,,,78. Jar/Jug Base. Diam. 7 cm. ,2.5-3 , Reddish gray 2.5YR 5/ ware. Exterior fabric color: light red 2.5YR 6/8. Interior fabric color: red 2.5YR 5/6. Slipped. Burnished. Location: UT--- Residential Quarter--- Trench 94.
Pottery,30.3287,35.4421,-200,360,Jar/Jug Base,Jugs,,,76. Jar/Jug Base. Diam. 3.4 cm. ,2-Jan, Fine light red 2.5YR 6/8 ware. Drop of pinkish white 5YR 8/2 slip on body. Single row of 5  long vertical strokes rouletted on bottom of foot. Location: UT--- Residential Quarter--- Trench 94.
Pottery,30.3287,35.4421,-200,360,Jar/Jug Base,Jugs,,,75. Jar/Jug Base. Diam. 4.5 cm. ,2, Fine reddish yellow 5YR 6/8 ware. Simple vertical rouletting on base exterior and on underside. Location: UT--- Residential Quarter--- Trench 94.
Pottery,30.3287,35.4421,-200,360,Jar/Jug Base,Jugs,,,74. Jar/Jug Base. Diam. 3 cm. ,1.5, Coarse light red 2.5YR 6/8 ware. Ring added to rounded base. Location: UT--- Residential Quarter--- Trench 94.
Pottery,30.3287,35.4421,-200,360,Jar/Jug Base,Jugs,,,73. Jar/Jug Base. Diam. 3.2 cm. ,2, Fine light red 2.5YR 7/8 ware with purple core. Location: UT--- Residential Quarter--- Trench 94.
Pottery,30.3287,35.4421,-200,360,Jar/Jug Base,Jugs,,,71. Jar/Jug Base. Diam. 4.3 cm. ,2.5, Coarse light red 2.5YR 6/8 ware. Exterior slipped in red 10R 5/8. Single row of 8  long vertical lines above base. Clay excised from string-cut stump base to create ring base. Location: UT--- Residential Quarter--- Trench 94.
Pottery,30.3287,35.4421,-200,360,Jar/Jug Base,Jugs,,,70. Jar/Jug Base. Diam. 3 cm. ,2, Fine light red 2.5YR 6/8 ware. Three rows of overlapping rouletting. Incised horizontal line defines decorative region on lower body. Excised rings from stump base. Location: UT Residential Quarter--- Trench 94.
Pottery,30.3287,35.4421,-200,360,Jar/Jug Base,Jugs,,,69. Jar/Jug Base. Diam. 4 cm. ,1.5, Fine gray 2.5YR 5/ ware. Exterior fabric color: light reddish brown 2.5YR 6/3. Interior fabric color: light red 2.5YR 6/6. Drips of red 10R 5/8 slip on interior. Slipped exterior. Fine single row of rouletting on base underside and on exterior. Location: UT--- Residential Quarter--- Trench 94.
Pottery,30.3287,35.4421,-200,360,Jar/Jug Base,Jugs,,,68. Jar/Jug Base. Diam. 3.6 cm. ,1.5, Medium fine light red 2.5YR 6/6 ware. Double row of fine rouletting on underside of base and double row on exterior. Location: UT--- Residential Quarter--- Trench 94.
Pottery,30.3287,35.4421,-200,360,Jar/Jug Base,Jugs,,,67. Jar/Jug Base. Diam. 3.2 cm. ,1.5, Fine light red 2.5YR 7/8 ware with black core in thickest part only. Spots of dark reddish gray 2.5YR 4/ slip. Location: UT--- Residential Quarter--- Trench 94.
Pottery,30.3287,35.4421,-200,360,Jar/Jug Base,Jugs,,,66. Jar/Jug Base. Diam. 3 cm. ,1.5, Coarse light red 2.5YR 7/8 ware with pale brown core. Light red 2.5YR 6/8 slip on exterior. Flat--- string-cut base. Location: UT--- Residential Quarter--- Trench 94.
Pottery,30.3287,35.4421,-200,360,Jar/Jug Base,Jugs,,,65. Jar/Jug Base. Diam. 5 cm. ,2.5, Fine light red 2.5YR 6/8 ware. Exterior has been roughened with a sponge. Location: UT--- Residential Quarter--- Trench 94.
Pottery,30.3287,35.4421,-200,360,Jar/Jug Base,Jugs,,,64. Jar/Jug Base. Diam. 3.9 cm. ,2, Fine light reddish brown 2.5YR 7/4 ware with light reddish gray 2.5YR 7/1 and yellow cores. Interior fabric color: 2.5YR 7/4. Drips of light red 10R 6/8 slip on exterior and interior. Burnished in ridged. String-cut stump base with small groove to created vestigial ring base. Location: UT--- Residential Quarter--- Trench 94.
Pottery,30.3287,35.4421,-200,360,Jug Base,Jugs,,,61. Jug Base. Diam. 5 cm. ,1.5, Dark reddish gray 2.5YR 4/ ware. Light red 2.5YR 6/6 slip on exterior. One row of simple rouletting above ring base line on exterior and one row on top of ring--- creating a scalloped edge. Location: UT--- Residential Quarter--- Trench 94.
Pottery,30.3287,35.4421,-200,360,Jug Base,Jugs,,,60. Jug Base. Diam. 4 cm. ,1.5-3.5 , Fine reddish gray 2.5YR 5/ ware. Interior and exterior fabric color: light red 2.5YR 6/8. Ridged exterior. Location: UT--- Residential Quarter--- Trench 94.
Pottery,30.3287,35.4421,-200,360,Jug Base,Jugs,,,59. Jug Base. Diam. 3.1 cm. ,2.5, Fine light red 2.5YR 6/8 ware. Faint simple rouletting on underside and exterior of base. Knob base with excised ring. Location: UT--- Residential Quarter--- Trench 94.
Pottery,30.3287,35.4421,-200,360,Jug Base,Jugs,,,57. Jug Base. Diam. 2.6 cm. ,2, Fine light red 2.5YR 6/8 ware with thin black core in thickness near base. Self-same slip on exterior and spots on interior. Knob base with excised ring. Location: UT--- Residential Quarter--- Trench 94.
Pottery,30.3287,35.4421,-200,360,Jug Base,Jugs,,,56. Jug Base. Diam. 3.2 cm. ,2.5, Fine light red 2.5YR 6/8 ware. Interior fabric color: light red 2.5YR 6/6. Exterior rough with straw marks and small black spots. Thick white slip on interior--- exterior and over base bottom. Very pale brown 10YR 8/2 above carination and 10YR 8/4 slip in other places. String-cut knob base with excised ring. Location: UT--- Residential Quarter--- Trench 94.
Pottery,30.3287,35.4421,-200,360,Jug Base,Jugs,,,55. Jug Base. Diam. 2.6 cm. ,7-Feb, Dark reddish gray 2.5YR 4/ ware. Exterior fabric color: light red 2.5YR 6/6. Interior fabric color: reddish yellow 7.5YR 6/6. Knob base with excised ring. Location: UT--- Residential Quarter--- Trench 94.
Pottery,30.3287,35.4421,-200,360,Jug Base,Jugs,,,54. Jug Base. Diam. 3.4 cm. ,1.5-3.5 , Light red 2.5YR 6/8 ware. Exterior fabric color: red 10R 6/8. Incised line on exterior. Knob base with excised ring. Location: UT--- Residential Quarter--- Trench 94.
Pottery,30.3287,35.4421,-200,360,Jug Base,Jugs,,,53. Jug Base. Diam. 3.5 cm. ,1-3.5 , Fine light red 2.5YR 6/8 ware. Knob base with excised ring. Location: UT--- Residential Quarter--- Trench 94.
Pottery,30.3287,35.4421,-200,360,Jug Base,Jugs,,,52. Jug Base. Diam. 3.1 cm. ,1.5-2.5 , Fine light red 2.5YR 7/8 ware. Light very pale brown 10YR 8/3 slip over part of lower exterior. Knob base with excised ring. Location: UT--- Residential Quarter--- Trench 94.
Pottery,30.3287,35.4421,-200,360,Jug Base,Jugs,,,51. Jug Base. Diam. 2.8 cm. ,3-Jan, Medium fine light red 2.5YR 7/6 ware. Light red 10R 6/8 slipped upper body and drips on interior neck. Light reddish brown 2.5YR 7/4 slip on lower body. Three lines of vertical bevels rouletted on exterior. Location: UT--- Residential Quarter--- Trench 94.
Pottery,30.3287,35.4421,-200,360,Jug,Jugs,,,49. Jug. Diam. 6 cm. ,2.5, Fine light red 2.5YR 6/8 ware. Pink 7.5YR 8/3 slip on exterior and over rim on interior. Three dark bands on interior--- which are not caused by a black core. Location: UT--- Residential Quarter--- Trench 94.
Pottery,30.3287,35.4421,-200,360,Jug Neck,Jugs,,,48. Jug Neck. Neck Diam. 2.8 cm. ,1.5, Light red 2.5YR 7/8 ware with thick reddish gray 2.5YR 6/ core. Red 10R 5/8 slip on interior and light red 10R 6/8 slip on exterior. Loop handle is 1.3 cm wide. Location: UT--- Residential Quarter--- Trench 94.
Pottery,30.3287,35.4421,-200,360,Jug,Jugs,,,47. Jug. Diam. 5.6 cm. ,3-Feb, Fine light red 2.5YR 7/8 ware. Self-same light red 2.5YR 6/8 slip on exterior. Simple rouletting composed of 3  long vertical strokes on shoulder. Two shallow ridges below neck carination. Flat loop handle (1.8 cm wide) with perhaps combed decoration on top. Rim oval rather than circular in shape. Location: UT--- Residential Quarter--- Trench 94.
Pottery,30.3287,35.4421,-200,360,Jug,Jugs,,,46. Jug. Diam. 6.5 cm. ,2.5, Light red 2.5YR 6/6 ware. Interior fabric color: reddish yellow 5YR 7/6. Self-same red 10R6/6 slip on exterior and interior neck. Neck decorated with 3 ridges. Flat loop handle with two ridges on top and combed sides. Location: UT--- Residential Quarter--- Trench 94.
Pottery,30.3287,35.4421,-200,360,Jug,Jugs,,,45. Jug. Diam. 5.5 cm. ,2.5, Fine light red 2.5YR 7/8 ware. Plain flaring rim--- thickened slightly on exterior edge. Ridge on upper neck. Three bands of rouletting composed of simple angled strokes 3  long on shoulder. Location: UT--- Residential Quarter--- Trench 94.
Pottery,30.3287,35.4421,-200,360,Jug,Jugs,,,44. Jug. External Diam. 5.3 cm. Internal Diam. 4 cm. ,1.5, Fine light red 2.5YR 6/8 ware. Location: UT--- Residential Quarter--- Trench 94.
Pottery,30.3287,35.4421,-200,360,Jug/Jar,Jugs,,,42. Jug/Jar. Diam. 6 cm. ,1.5-2.5 , Fine light red 2.5YR 6/8 ware. Location: UT--- Residential Quarter--- Trench 94.
Pottery,30.3287,35.4421,-200,360,Jug,Jugs,,,40. Jug. Diam. 7 cm. ,2, Light red 2.5YR 6/8 ware. No handles in 50% remaining. Location: UT--- Residential Quarter--- Trench 94. Cf.--- North Ridge Tomb 2 (Bikai 2001--- Fig. 9--- 15)--- second half of CE first century.
Pottery,30.3287,35.4421,-200,360,Jug/Jar,Jugs,,,39. Jug/Jar. Diam. 6 cm. ,2, Coarse light red 2.5YR 6/6 ware. Rim thickened on interior and exterior. Self-same light red 2.5YR 7/8 slip on exterior and 2.5YR 6/8 on interior. Location: UT--- Residential Quarter--- Trench 94.
Pottery,30.3287,35.4421,-200,360,Jug,Jugs,,,37. Jug. Diam. 5 cm. ,1.5, Fine light red 2.5YR 6/8 ware. Location: UT--- Residential Quarter--- Trench 94.
Pottery,30.3287,35.4421,-200,360,Jug with Trefoil Spout,Jugs,,,35. Jug with Trefoil Spout. Diameter: 2.6 cm. ,4-Mar, Very fine light red 2.5YR 7/8 ware with thin reddish gray 2.5YR 6/ core close to interior. Pointed base. Rouletting on lower body composed of widely spaced double vertical lines 9  long and 4  apart. Vestiges of loop handle. Some burning on the lower body and base. Location: UT--- Residential Quarter--- Trench 94.
Pottery,30.3287,35.4421,-200,360,Wid-mouthed Jug,Jugs,,,33. Wide-mouthed Jug. Diam. 5 cm. ,2.5, Fine light red 2.5YR 6/8 ware. Light red 10R 6/8 slip on exterior and interior neck. Location: UT--- Residential Quarter--- Trench 94.
Pottery,30.3287,35.4421,-200,360,Jug with Trefoil Spout,Jugs,,,31. Jug with Trefoil Spout. Diam. 2.5 cm. ,3, Handle size: 1.5 cm long x 0.5 cm thick. Medium fine light red 2.5YR 6/8 ware with black core in body. Location: UT--- Residential Quarter--- Trench 94. Cf.--- Oboda (Negev 1986--- 834 and 977)--- although rim is not everted.
Pottery,30.3287,35.4421,-200,360,Jug,Jugs,,,30. Jug. Diam. 2 cm. ,2.5, Fine light red 2.5YR 6/8 ware. Exterior and rim top covered in light red 10R 6/6 slip. Very rough surfaces with numerous fingerprints around the handle suggesting clay was too wet at time of manufacture. Interior is very rough at neck junction. Handle is not attached perpendicular to rim. Location: UT--- Residential Quarter--- Trench 94. Cf.--- North Ridge Tomb 2 (Bikai 2001--- Fig. 9--- 17)--- dating to second half of CE first century.
Pottery,30.3287,35.4421,-200,360,Large Jug,Jugs,,,27. Large Jug. Rim Diam.? Base Diam. 9.2 cm. ,3.5-4.5 , Pink 7.5YR 8/3 slip on lower body. Location: UT--- Residential Quarter--- Trench 94. Cf.--- Petra Church (Gerber 2001a--- Fig. 1--- 22)--- dating to CE second and third centuries.
Pottery,30.3287,35.4421,-200,360,Jug,Jugs,,,26. Jug. Diam. 4.8 cm. ,3, Fine light red 2.5YR 6/8 ware. Exterior color: light red 10R 6/8. Three broad bands of vertical rouletting. In some areas the 2  long rouletted lines converge so well to create single lines. Lower band appears to have been created with 6  wide wheel design. Location: UT--- Residential Quarter--- Trench 94. Cf.--- Petra Church (Gerber 2001a--- Fig. 1--- 17); Khairy (1982--- Fig. 75) lists early comparanda; Hendrix 1996--- 357--- late Roman but slier lower body.
Pottery,30.3287,35.4421,-200,360,Jug,Jugs,,,24. Jug. Diam. 5 cm. ,2.5, Light red 2.5YR 7/6 ware. Self-same light red 2.5YR 6/6 slip on exterior. Vestiges of handle under rim. Same form as #23 above. Location: UT--- Residential Quarter--- Trench 94.
Pottery,30.3287,35.4421,-200,360,Jug,Jugs,,,23. Jug. Diam. 4.5-4.8 cm. ,3-Feb, Light gray 5YR 7/1 ware. Exterior fabric color: pink 5YR8/4. Interior fabric color: gray 5YR6/1. Sloppily applied light reddish brown 2.5YR 6/4 slip on exterior and over rim top. Simple rouletting in 3 bands. Vertical strokes are 2  in length. Upper band composed of 7 lines and arranged to be offset from one another.  Lower band of rouletting composed of 4 lines of 2  long vertical strokes. Rows are offset from one another. Appears to be one roller. Middle band of 5 lines is so uneven in one place that it appears that the roller was moved across the vessel 4 times. One side of body is punched inwards slightly. Carination line on lower body where base attaches is not straight; perhaps created by shaving. Location: UT--- Residential Quarter--- Trench 94.
Pottery,30.3287,35.4421,-200,360,Jug,Jugs,,,22. Jug. Diam. 2.7 cm. ,1.5, Fine light red 2.5YR 6/8 ware. Self-same red 2.5YR 5/6 slip on exterior. Combed loop handle. Location: UT--- Residential Quarter--- Trench 94.
Pottery,30.3287,35.4421,-200,360,Jug,Jugs,,,21. Jug. Diam. 5 cm. ,3, Light red 2.5YR 7/8 ware. Interior color is light reddish brown 2.5YR 7/4. Pink 7.5YR 8/3 slip on exterior. Location: UT--- Residential Quarter--- Trench 94.
Pottery,30.3287,35.4421,-200,360,Jug Neck,Jugs,,,19. Jug Neck. Neck Diam. 2 cm. ,3-Feb, Fine light red 2.5YR 6/6 ware. Pink 7.5YR 8/3 slipped exterior. One side of handle is combed. Location: UT--- Residential Quarter--- Trench 94. Similar to #15 above.
Pottery,30.3287,35.4421,-200,360,Dipper Jug,Jugs,,,13. Dipper Jug. Diam. 7 cm. ,3, Fine light red 10R 6/8 ware. Horizontal combing on exterior executed before handle attached. Location: UT--- Residential Quarter--- Trench 94.
Pottery,30.3287,35.4421,-200,360,Jug,Jugs,,,15. Jug. Diam. 2.8 cm. ,2, Light red 2.5YR 6/6 ware. Sloping plain rim--- thickened externally. Ribbed lower body. Very pale brown 10YR 8/2 slip on exterior and interior neck. Location: UT--- Residential Quarter--- Trench 94.
Pottery,30.3287,35.4421,-200,360,Dipper Jug,Jugs,,,12. Dipper Jug. Diam. 8 cm. ,2.5, Fine light red 2.5YR 6/8 ware. Location: UT--- Residential Quarter--- Trench 94.
Pottery,30.3287,35.4421,-200,360,Jug/Jar Handle,Jugs,,,"3. Jug/Jar Handle. Diam. 8 . Fine light red 2.5YR 6/8 ware. Red 10R 5/8 slip on exterior. Excised grooves on sides of handle. Loop handle. RQ assemblage has two handles cut from the same ""roll"" because they have the exact same molding. Location: UT--- Residential Quarter--- Trench 94.",,
Pottery,30.3287,35.4421,-200,360,Juglet,Jugs,,,2. Juglet. Diam. 3 cm. ,2, Fine light red 2.5YR 6/8 ware with thick gray core at handle spring and thin throughout center. Plain vertical rim--- angularly flattened on interior edge. Location: UT--- Residential Quarter--- Trench 94.
Pottery,30.3287,35.4421,-200,360,Juglet,Jugs,,,1. Juglet. Diam. 4 cm. ,1.5, Light red 2.5YR 6/8 ware. Plain sloping rim--- with interior edge angularly flattened. Loop handle. Quantity of fine lime inclusions--- some large (1 ). Also long air holes--- suggesting chaff. Location: UT--- Residential Quarter--- Trench 94. Cf.--- North Ridge Tomb 1 (Bikai 2001--- Fig. 5--- 16)--- first half of CE first century.
Pottery,30.3287,35.4421,-200,360,"Base, Stopper Cup?",Stopper Cups,,,7. Base--- Stopper Cup? Diam. 3.6 cm. ,3, Fine reddish yellow 5YR 6/8 ware with thick black core. Exterior fabric color: light red 2.5YR 7/8. Interior fabric color: light red 2.5YR 6/8.  Location: UT--- Residential Quarter--- Trench 94.
Pottery,30.3287,35.4421,-200,360,"Base, Stopper Cup?",Stopper Cups,,,6. Base--- Stopper Cup? Diam. 3.5 cm. ,2-Jan, Fine light red 2.5YR 6/8 ware. Location: UT--- Residential Quarter--- Trench 94.
Pottery,30.3287,35.4421,-200,360,Stopper Cup,Stopper Cups,,,,,
Pottery,30.3287,35.4421,-200,360,Stopper Cup,Stopper Cups,,,4. Stopper Cup. Diam. 3 cm. ,3, Fine light red 2.5YR 6/8 ware. Exterior fabric color: light red 2.5YR 6/6. Red 10R 5/6 slip on interior. Button base with ring created by excision. Location: UT--- Residential Quarter--- Trench 94.
Pottery,30.3287,35.4421,-200,360,"Base, Stopper Cup?",Stopper Cups,,,5. Base--- Stopper Cup? Diam. 2.7 cm. ,3, Fine light red 2.5YR 6/8 ware. Location: UT--- Residential Quarter--- Trench 94.
Pottery,30.3287,35.4421,-200,360,Stopper Cup,Stopper Cups,,,,,
Pottery,30.3287,35.4421,-200,360,Chalice,Cups/Chalices,,Biconical bowl,11. Chalice? Biconical bowl. Rim Diam. 9.5 cm. Base Diam. 4 cm. Height: 5.4 cm. ,3, Light red 2.5YR 7/8 ware. Everted rim--- thickened to the exterior with excised ridge on external thickness. Carinated body with concave upper body. Ring base--- horizontally flattened bottom and angularly flattened exterior edge. Light red 2.5YR 6/6 slip on exterior. Light red 2.5YR 6/8 slip on upper body interior. Location: UT--- Residential Quarter--- Trench 94.
Pottery,30.3287,35.4421,-200,360,Stopper Cup,Stopper Cups,,,1. Stopper Cup. Diam. 8 cm. ,3, Coarse light red 2.5YR 7/8 ware. Large (2 x 2 ) lime inclusions have caused spalling on exterior. Location: UT--- Residential Quarter--- Trench 94.
Pottery,30.3287,35.4421,-200,360,Chalice,Cups/Chalices,,,10. Chalice? Diam. 10.5 cm. ,2.5, Fine light red 2.5YR 6/8 ware with pink core. Excised ridges on rim top. Location: UT--- Residential Quarter--- Trench 94. Cf.--- Petra Church (Gerber 2001a--- Fig. 1.9)--- first century BCE.
Pottery,30.3287,35.4421,-200,360,Handle,Cups/Chalices,,,9. Handle. Width: 1 cm. Length: 3.5 cm. ,3, Light red 2.5YR 6/8 ware. Pinched decoration. Location: UT--- Residential Quarter--- Trench 94.
Pottery,30.3287,35.4421,-200,360,Small Jar,Cups/Chalices,,,8. Small Jar. Diam. 7.5 cm. ,2, Fine light red 2.5YR 6/8 ware. Self-same slip on exterior. Horizontal rim. Twisted handle. Location: UT--- Residential Quarter--- Trench 94.
Pottery,30.3287,35.4421,-200,360,Chalice? Jar?,Cups/Chalices,,,,,
Pottery,30.3287,35.4421,-200,360,Chalice? Jar?,Cups/Chalices,,,6. Chalice? Jar? Diam. 10 cm. ,1.5, Fine light red 2.5YR 6/8 ware. Combed incisions on the one preserved handle. Two horizontal lines on exterior upper body. Red slip on exterior. Location: UT--- Residential Quarter--- Trench 94.
Pottery,30.3287,35.4421,-200,360,Chalice? Jar?,Cups/Chalices,,,,,
Pottery,30.3287,35.4421,-200,360,Chalice,Cups/Chalices,,,,,
Pottery,30.3287,35.4421,-200,360,Chalice,Cups/Chalices,,,,,
Pottery,30.3287,35.4421,-200,360,Bowl Base,Cooking Bowls,,,,,
Pottery,30.3287,35.4421,-200,360,Cup,Cups/Chalices,,,1. Cup. Diam. 9 cm. ,2, Fine reddish gray 2.5YR 6/ ware with black core. Interior fabric color: light red 2.5YR 7/8. Light red 2.5YR 6/8 slip on exterior and upper part of interior. Slight groove on rim exterior. Location: UT--- Residential Quarter--- Trench 94.
Pottery,30.3287,35.4421,-200,360,Bowl Base,Cooking Bowls,03-P-73,,,,
Pottery,30.3287,35.4421,-200,360,Cooking (?) Bowl,Cooking Bowls,,,127. Cooking (?) Bowl. Diam. 27 cm. Medium coarse reddish yellow 5YR 7/6 ware with gray core in lower body. Exterior fabric color: light red 2.5YR 7/8. Interior fabric color--- light red 2.5YR 7/6. Incurving rim is thickened externally and angularly flattened. Red 10R 6/8 slip on rim top. Burnt exterior. Location: UT--- Residential Quarter--- Trench 94.,,
Pottery,30.3287,35.4421,-200,360,Cooking (?) Bowl,Cooking Bowls,,,123. Cooking (?) Bowl. Diam. 21 cm. ,3, Light red 2.5YR 7/8 ware with thick light gray 5YR 7/1 core near interior surface. Gray 2.5Y 6/1 slip on upper body extending over rim top. Interior coated with self-same slip. Interior and exterior fabric color: light reddish brown 2.5YR 7/4. Exterior burnt. Location: UT Residential Quarter--- Trench 94.
Pottery,30.3287,35.4421,-200,360,Bowl,Cooking Bowls,,,122. Bowl. Diam. 21 cm. ,2, Fine light red 2.5YR 6/8 ware with black core throughout below rim. Incurving rim has excised groove on exterior and interior edge. Very pale brown 10YR 8/4 slip on upper body. Black core is visible through slip on lower exterior. Large (1 ) lime inclusions on surface. Location: UT--- Residential Quarter--- Trench 94.
Pottery,30.3287,35.4421,-200,360,Bowl,Cooking Bowls,,,,,
Pottery,30.3287,35.4421,-200,360,Bowl,Cooking Bowls,,,,,
Pottery,30.3287,35.4421,-200,360,Casserole Bowl,Casserole Bowls,,,119. Casserole Bowl. Diam. 27 cm. Interior fabric color: light red 2.5YR 7/8. Exterior fabric color: light red 2.5YR 6/8. Red 2.5YR 5/8 slip on exterior upper body from rim to just below carination. Location: UT--- Residential Quarter--- Trench 94. Cf.--- Ez Zantur (Stucky et al.--- 1994--- Fig. 16. K)--- CE early second century. For precedent cf.--- Oboda (Negev 1986--- 605) with smaller diameter dating to Middle Nabataean.,,
Pottery,30.3287,35.4421,-200,360,Casserole Bowl,Casserole Bowls,,,118. Casserole Bowl. Diam. 29 cm. Coarse light red 2.5YR 6/8 ware with dark gray core. Large lime inclusions--- black grit and holes on surface. One 4  long straw burn-out hole. Everted rim has shallow excised ridge on rim top. Red slip above carination. Self-same light red 2.5YR 7/8 slip on interior. Location: UT--- Residential Quarter--- Trench 94.,,
Pottery,30.3287,35.4421,-200,360,Casserole Bowl,Casserole Bowls,,Casserole Bowl with Handle,,,
Pottery,30.3287,35.4421,-200,360,Casserole Bowl,Casserole Bowls,,,,,
Pottery,30.3287,35.4421,-200,360,Bowl,Casserole Bowls,,,115. Bowl. Diam.17 cm. ,2, Fine light red 2.5YR 6/8 ware. Wavy design possibly created by a large tool moved in an up-and-down motion while bowl was spun on the wheel. Pressure applied to create exterior design has caused bumps on interior at point of carination. Location: UT--- Residential Quarter--- Trench 94.
Pottery,30.3287,35.4421,-200,360,Casserole Bowl,Casserole Bowls,,Casserole Bowl with Horizontal Handle,111. Casserole Bowl with Horizontal Handle. Diam. 21 cm. ,3.5, Medium coarse 2.5YR 7/8 light red ware with thin--- pale purple core near interior surface. Location: UT--- Residential Quarter--- Trench 94.
Pottery,30.3287,35.4421,-200,360,Bowl,Casserole Bowls,,,,,
Pottery,30.3287,35.4421,-200,360,Casserole Bowl,Casserole Bowls,,,108. Casserole Bowl. Diam. 23 cm. ,3, Coarse light red 2.5YR 7/8 ware. Pinkish white 2.5YR 8/2 slip over rim top and upper body to about 1 cm beyond carination. Two grooves in wave pattern incised on exterior upper body. Lower groove is less deep than upper. Surfaces--- particularly the interior--- are rough. Burnt exterior. Location: UT--- Residential Quarter--- Trench 94.
Pottery,30.3287,35.4421,-200,360,Casserole Bowl,Casserole Bowls,,,,,
Pottery,30.3287,35.4421,-200,360,Casserole Bowl,Casserole Bowls,,,,,
Pottery,30.3287,35.4421,-200,360,Bowl,Casserole Bowls,,,,,
Pottery,30.3287,35.4421,-200,360,Casserole Bowl,Casserole Bowls,,,102. Casserole Bowl. Diam. 20 cm. ,4, Light red 10R 6/8 ware. Interior fabric color: light red 2.5YR 7/6. Very pale brown 10YR 8/3 slip on exterior upper body--- overlapping onto rim top. Burned interior and exterior. Food drip marks on white slip of exterior. Location: UT--- Residential Quarter--- Trench 94.
Pottery,30.3287,35.4421,-200,360,Casserole Bowl,Casserole Bowls,,,101. Casserole Bowl. Diam. 20 cm. Light red 2.5YR 7/8 ware. Pink 7.5YR 8/3 slip on exterior upper body and rim top. A few large (1) lime inclusions on surface. Location: UT--- Residential Quarter--- Trench 94.,,
Pottery,30.3287,35.4421,-200,360,Alabrastron base,Small forms,,,14. Alabrastron base. Diam. 4.0 cm. ,0.2, Gritty light reddish brown 5YR 6/4 fabric. Red 2.5YR 5/6 slipped exterior with very dark gray 10YR 3/1 palmette wreath decoration (similar to #13). Location: UT--- Residential Quarter--- Trench 89.
Pottery,30.3287,35.4421,-200,360,Amphora base,Amphorae,,,2. Amphora base. Diam. 9 cm. Thickness at break: 5 . ,1.6 cm, Location: P--- Trench 86--- Locus 17. Sequence No. 86054.
Pottery,30.3287,35.4421,-200,360,Unguentarium,Small forms,01-P-67,,4. Unguentarium. Cat. No. 01-P-67. Neck Diam. 1.7 cm. ,2, Height: 5.6 cm. Light brown 7.5YR6/4 ware. Location: UT--- East Fluvial Deposit--- Special Project 84---L ocus 1. Sequence No. SP84011.
Pottery,30.3287,35.4421,-200,360,Bowl,Gruppe 6,01-P-66,,Bowl. Cat. No. 01-P-66. Diam. 13.5 cm. Base Diam. 4 cm. Light red 10R 6/8 ware. White 2.5Y 8/1 slip over rim--- Phase 2A decoration. Location: UT--- East Fluvial Deposit--- Special Project 84--- Locus 1. Sequence No. SP84022.,,
Pottery,30.3287,35.4421,-200,360,Cooking Pot,Cooking Pots,,,14. Cooking Pot. Diam. 14 cm. ,4, Location: P--- Trench 86--- Locus 1. Sequence No. 86017.
Pottery,30.3287,35.4421,-200,360,Bowl,Gruppe 6,,,Bowl. Diam. 13 cm. ,2.5, Coarse red 2.5YR 5/6 ware. White slip on rim exterior. Location: Propylaeum Trench 95--- Locus 12. Sequence No. 95477. Cf.--- Schmid--- Phase 1.
Pottery,30.3287,35.4421,-200,360,Bowl,Gruppe 8,,,Bowl. In P.5 pottery container--- no dimensions. Red 2.5YR 5/6 ware with very dark gray 10YR 3/1 core. Very pale brown 10YR 8/3 slip. Location: T--- Trench 84--- Locus 8. Sequence No. 84046.,,
